0,1,2,3,4,5,6,7,8,9,10,11,12,13,14
ID,送礼UID,送礼人,家族ID,收礼UID,收礼人,家族ID,礼物ID,礼物名,礼物数量,金币,星光值,送礼时间,场景,对应ID
1456290557,7036874422820548,🇯🇵KAILA.tadhana🇵🇭,1692840,10977524092638559,glaizamarierueda,1692840,168,钻石Diamond,1,198,198,"2022-06-15 07:17:57",KTV,1014945
1456285269,7036874422820548,🇯🇵KAILA.tadhana🇵🇭,1692840,10133099166197834,🐻CAPT💞_💞dHadHa🐻,1692840,2048,"幸运礼盒Lucky Box",3,30,9,"2022-06-15 07:12:53",KTV,1014945
1456285163,7036874422820548,🇯🇵KAILA.tadhana🇵🇭,1692840,10133099166197834,🐻CAPT💞_💞dHadHa🐻,1692840,2047,"幸运金币Lucky Coin",4,20,12,"2022-06-15 07:12:47",KTV,1014945
1456281913,7036874422820548,🇯🇵KAILA.tadhana🇵🇭,1692840,10133099166197834,🐻CAPT💞_💞dHadHa🐻,1692840,168,钻石Diamond,1,198,198,"2022-06-15 07:09:34",KTV,1014945
1456280615,7036874422820548,🇯🇵KAILA.tadhana🇵🇭,1692840,3659174702362117,🦋🇲​🇦​🇱​🇩​🇮​🇹​🇦​_28🦋,1692840,168,钻石Diamond,1,198,198,"2022-06-15 07:08:12",KTV,1014945
1456080460,7036874422820548,🇯🇵KAILA.tadhana🇵🇭,1692840,4609143388241920,🔥🔥🎥🎥♏️☪️🌸Ꭰj𝑷𝒐𝒍𝒛🌸🇯🇵,1518091,2073,"开心小人Happy Boy",1,18,18,"2022-06-15 03:33:22",直播,303092749
1456080270,7036874422820548,🇯🇵KAILA.tadhana🇵🇭,1692840,4609143388241920,🔥🔥🎥🎥♏️☪️🌸Ꭰj𝑷𝒐𝒍𝒛🌸🇯🇵,1518091,1791,"圣诞袜Christmas Stocking",1,48,48,"2022-06-15 03:33:07",直播,303092749
1456075086,7036874422820548,🇯🇵KAILA.tadhana🇵🇭,1692840,4609143388241920,🔥🔥🎥🎥♏️☪️🌸Ꭰj𝑷𝒐𝒍𝒛🌸🇯🇵,1518091,2073,"开心小人Happy Boy",1,18,18,"2022-06-15 03:27:34",直播,303092749
1456072436,7036874422820548,🇯🇵KAILA.tadhana🇵🇭,1692840,4609143388241920,🔥🔥🎥🎥♏️☪️🌸Ꭰj𝑷𝒐𝒍𝒛🌸🇯🇵,1518091,2085,"摩天轮Ferris Wheel",1,300,300,"2022-06-15 03:24:48",直播,303092749
1456072221,7036874422820548,🇯🇵KAILA.tadhana🇵🇭,1692840,4609143388241920,🔥🔥🎥🎥♏️☪️🌸Ꭰj𝑷𝒐𝒍𝒛🌸🇯🇵,1518091,2085,"摩天轮Ferris Wheel",1,300,300,"2022-06-15 03:24:33",直播,303092749
1455411017,7036874422820548,🇯🇵KAILA.tadhana🇵🇭,1692840,0,,,64,弹幕(VIP),1,3,3,"2022-06-14 14:08:33",KTV,1345397
1455405061,7036874422820548,🇯🇵KAILA.tadhana🇵🇭,1692840,10414574144387128,🔱⚜ʷᵗ👛CoCapt💄FEBELYN,1262159,1949,Clown小丑,3,54,54,"2022-06-14 14:04:47",KTV,1345397
1455404178,7036874422820548,🇯🇵KAILA.tadhana🇵🇭,1692840,10414574144387128,🔱⚜ʷᵗ👛CoCapt💄FEBELYN,1262159,1949,Clown小丑,5,90,90,"2022-06-14 14:04:09",KTV,1345397
1455404065,7036874422820548,🇯🇵KAILA.tadhana🇵🇭,1692840,10414574144387128,🔱⚜ʷᵗ👛CoCapt💄FEBELYN,1262159,1949,Clown小丑,8,144,144,"2022-06-14 14:04:05",KTV,1345397
1455403882,7036874422820548,🇯🇵KAILA.tadhana🇵🇭,1692840,10414574144387128,🔱⚜ʷᵗ👛CoCapt💄FEBELYN,1262159,1949,Clown小丑,17,306,306,"2022-06-14 14:03:57",KTV,1345397
1455398062,7036874422820548,🇯🇵KAILA.tadhana🇵🇭,1692840,281474981507693,🄾🄽🅂✪ᶜᵒᶜᵃᵖᵗ🛡️ALJOON🛡️,1262159,1949,Clown小丑,28,504,504,"2022-06-14 13:59:43",KTV,1345397
1455397647,7036874422820548,🇯🇵KAILA.tadhana🇵🇭,1692840,281474981507693,🄾🄽🅂✪ᶜᵒᶜᵃᵖᵗ🛡️ALJOON🛡️,1262159,2048,"幸运礼盒Lucky Box",4,40,12,"2022-06-14 13:59:26",KTV,1345397
1455397414,7036874422820548,🇯🇵KAILA.tadhana🇵🇭,1692840,281474981507693,🄾🄽🅂✪ᶜᵒᶜᵃᵖᵗ🛡️ALJOON🛡️,1262159,168,钻石Diamond,1,198,198,"2022-06-14 13:59:16",KTV,1345397
1455395583,7036874422820548,🇯🇵KAILA.tadhana🇵🇭,1692840,10414574144387128,🔱⚜ʷᵗ👛CoCapt💄FEBELYN,1262159,168,钻石Diamond,1,198,198,"2022-06-14 13:58:01",KTV,1345397
1455394417,7036874422820548,🇯🇵KAILA.tadhana🇵🇭,1692840,10414574144387128,🔱⚜ʷᵗ👛CoCapt💄FEBELYN,1262159,565,"钻石之吻Crystal kiss",1,69,69,"2022-06-14 13:57:06",KTV,1345397
1455226722,7036874422820548,🇯🇵KAILA.tadhana🇵🇭,1692840,0,,,64,弹幕(VIP),1,3,3,"2022-06-14 11:55:55",KTV,781658
1455161527,7036874422820548,🇯🇵KAILA.tadhana🇵🇭,1692840,10414574144387128,🔱⚜ʷᵗ👛CoCapt💄FEBELYN,1262159,97,花环Wreath,1,99,99,"2022-06-14 11:07:15",KTV,781658
1455159934,7036874422820548,🇯🇵KAILA.tadhana🇵🇭,1692840,10414574144387128,🔱⚜ʷᵗ👛CoCapt💄FEBELYN,1262159,565,"钻石之吻Crystal kiss",1,69,69,"2022-06-14 11:05:45",KTV,781658
1455159200,7036874422820548,🇯🇵KAILA.tadhana🇵🇭,1692840,0,,,64,弹幕(VIP),1,3,3,"2022-06-14 11:04:59",KTV,781658
1455153146,7036874422820548,🇯🇵KAILA.tadhana🇵🇭,1692840,0,,,64,弹幕(VIP),1,3,3,"2022-06-14 10:58:47",KTV,781658
1455098358,7036874422820548,🇯🇵KAILA.tadhana🇵🇭,1692840,10696049123938553,ONS😇Junrich.🧚‍♀️🧚‍♀️,1262159,1468,"音乐盒Music box",1,18,18,"2022-06-14 10:03:00",KTV,781658
1455091366,7036874422820548,🇯🇵KAILA.tadhana🇵🇭,1692840,12384898981927056,🎧❤️MR-L.U.X❤️🎧,800262,168,钻石Diamond,1,198,198,"2022-06-14 09:55:48",KTV,781658
1455086887,7036874422820548,🇯🇵KAILA.tadhana🇵🇭,1692840,12666373956679537,Aracely01_TadhanaFaM,1692840,2047,"幸运金币Lucky Coin",4,20,12,"2022-06-14 09:51:04",KTV,781658
1455086304,7036874422820548,🇯🇵KAILA.tadhana🇵🇭,1692840,12666373956679537,Aracely01_TadhanaFaM,1692840,2005,"金气球Gold Balloon",1,3,3,"2022-06-14 09:50:33",KTV,781658
1455084367,7036874422820548,🇯🇵KAILA.tadhana🇵🇭,1692840,10977524095888373,❤ONS❤Ccap🔥Alea_Gwen🔥,1262159,2012,"冰棒Ice Lolly",1,12,12,"2022-06-14 09:48:53",KTV,781658
1455077231,7036874422820548,🇯🇵KAILA.tadhana🇵🇭,1692840,12384898981927056,🎧❤️MR-L.U.X❤️🎧,800262,2047,"幸运金币Lucky Coin",3,15,9,"2022-06-14 09:41:48",KTV,781658
1455074442,7036874422820548,🇯🇵KAILA.tadhana🇵🇭,1692840,0,,,64,弹幕(VIP),1,3,3,"2022-06-14 09:39:05",KTV,781658
1455073440,7036874422820548,🇯🇵KAILA.tadhana🇵🇭,1692840,10696049123938553,ONS😇Junrich.🧚‍♀️🧚‍♀️,1262159,2048,"幸运礼盒Lucky Box",2,20,6,"2022-06-14 09:37:57",KTV,781658
1455069583,7036874422820548,🇯🇵KAILA.tadhana🇵🇭,1692840,1688849863167898,♡Lian♡Bolivar♡,1583424,2047,"幸运金币Lucky Coin",4,20,12,"2022-06-14 09:33:57",KTV,781658
1455067355,7036874422820548,🇯🇵KAILA.tadhana🇵🇭,1692840,8444249307665808,🔥🤴🌎❣️Jhing❣️💙💜❣️,686133,2012,"冰棒Ice Lolly",1,12,12,"2022-06-14 09:31:36",KTV,781658
1455066733,7036874422820548,🇯🇵KAILA.tadhana🇵🇭,1692840,8444249307665808,🔥🤴🌎❣️Jhing❣️💙💜❣️,686133,2047,"幸运金币Lucky Coin",5,25,15,"2022-06-14 09:30:53",KTV,781658
1455064432,7036874422820548,🇯🇵KAILA.tadhana🇵🇭,1692840,10977524095888373,❤ONS❤Ccap🔥Alea_Gwen🔥,1262159,1468,"音乐盒Music box",1,18,18,"2022-06-14 09:28:35",KTV,781658
1455060180,7036874422820548,🇯🇵KAILA.tadhana🇵🇭,1692840,7036874422820548,🇯🇵KAILA.tadhana🇵🇭,1692840,168,钻石Diamond,1,198,198,"2022-06-14 09:24:19",作品,7036874473212748
1455036879,7036874422820548,🇯🇵KAILA.tadhana🇵🇭,1692840,10696049123938553,ONS😇Junrich.🧚‍♀️🧚‍♀️,1262159,2005,"金气球Gold Balloon",1,3,3,"2022-06-14 08:59:48",KTV,781658
1454962200,7036874422820548,🇯🇵KAILA.tadhana🇵🇭,1692840,10414574144387128,🔱⚜ʷᵗ👛CoCapt💄FEBELYN,1262159,565,"钻石之吻Crystal kiss",1,69,69,"2022-06-14 07:38:07",作品,10414574166544567
1454962121,7036874422820548,🇯🇵KAILA.tadhana🇵🇭,1692840,10414574144387128,🔱⚜ʷᵗ👛CoCapt💄FEBELYN,1262159,879,直播couple,1,9,9,"2022-06-14 07:38:00",作品,10414574166544567
1454578717,7036874422820548,🇯🇵KAILA.tadhana🇵🇭,1692840,12384898975402669,คŞtคrs✨Toto🍎,1319445,2047,"幸运金币Lucky Coin",2,10,6,"2022-06-14 01:04:54",KTV,1012272
1454577987,7036874422820548,🇯🇵KAILA.tadhana🇵🇭,1692840,12384898975402669,คŞtคrs✨Toto🍎,1319445,2047,"幸运金币Lucky Coin",4,20,12,"2022-06-14 01:04:06",KTV,1012272
1454577917,7036874422820548,🇯🇵KAILA.tadhana🇵🇭,1692840,12384898975402669,คŞtคrs✨Toto🍎,1319445,2047,"幸运金币Lucky Coin",3,15,9,"2022-06-14 01:04:02",KTV,1012272
1454577423,7036874422820548,🇯🇵KAILA.tadhana🇵🇭,1692840,0,,,64,弹幕(VIP),1,3,3,"2022-06-14 01:03:26",KTV,1012272
1454576285,7036874422820548,🇯🇵KAILA.tadhana🇵🇭,1692840,0,,,64,弹幕(VIP),1,3,3,"2022-06-14 01:02:05",KTV,1012272
1454113659,7036874422820548,🇯🇵KAILA.tadhana🇵🇭,1692840,1970324841447687,ONs☘️BoSs🔥ySSATruly,1262159,159,果汁Juice,1,129,129,"2022-06-13 14:47:33",KTV,1435164
1454084579,7036874422820548,🇯🇵KAILA.tadhana🇵🇭,1692840,10414574143287260,🌷🅾️NS🌷C0Cap🌷LadyJh0🌷,1262159,1468,"音乐盒Music box",1,18,18,"2022-06-13 14:25:56",KTV,1435164
1454078961,7036874422820548,🇯🇵KAILA.tadhana🇵🇭,1692840,10414574144387128,🔱⚜ʷᵗ👛CoCapt💄FEBELYN,1262159,2047,"幸运金币Lucky Coin",4,20,12,"2022-06-13 14:22:04",KTV,1435164
1454078732,7036874422820548,🇯🇵KAILA.tadhana🇵🇭,1692840,10414574144387128,🔱⚜ʷᵗ👛CoCapt💄FEBELYN,1262159,2047,"幸运金币Lucky Coin",6,30,18,"2022-06-13 14:21:54",KTV,1435164
1454078484,7036874422820548,🇯🇵KAILA.tadhana🇵🇭,1692840,10414574144387128,🔱⚜ʷᵗ👛CoCapt💄FEBELYN,1262159,2048,"幸运礼盒Lucky Box",4,40,12,"2022-06-13 14:21:43",KTV,1435164
1454078084,7036874422820548,🇯🇵KAILA.tadhana🇵🇭,1692840,10414574144387128,🔱⚜ʷᵗ👛CoCapt💄FEBELYN,1262159,168,钻石Diamond,1,198,198,"2022-06-13 14:21:27",KTV,1435164
1454072619,7036874422820548,🇯🇵KAILA.tadhana🇵🇭,1692840,10977524097156465,Ons🌹🌹momshielove❤️❤️,1262159,60,"金麦克Gold Mic",1,48,48,"2022-06-13 14:17:38",KTV,1435164
1454069456,7036874422820548,🇯🇵KAILA.tadhana🇵🇭,1692840,3940649678130133,🌺ONS🌺PION🦂,1262159,12,玫瑰Rose,1,3,3,"2022-06-13 14:15:32",KTV,1435164
1454067634,7036874422820548,🇯🇵KAILA.tadhana🇵🇭,1692840,3940649678130133,🌺ONS🌺PION🦂,1262159,565,"钻石之吻Crystal kiss",1,69,69,"2022-06-13 14:14:11",KTV,1435164
1454062523,7036874422820548,🇯🇵KAILA.tadhana🇵🇭,1692840,1970324841447687,ONs☘️BoSs🔥ySSATruly,1262159,2049,"招财猫Beckoning Cat",1,50,15,"2022-06-13 14:10:50",KTV,1435164
1454061904,7036874422820548,🇯🇵KAILA.tadhana🇵🇭,1692840,1970324841447687,ONs☘️BoSs🔥ySSATruly,1262159,2048,"幸运礼盒Lucky Box",10,100,30,"2022-06-13 14:10:22",KTV,1435164
1454049017,7036874422820548,🇯🇵KAILA.tadhana🇵🇭,1692840,10414574144387128,🔱⚜ʷᵗ👛CoCapt💄FEBELYN,1262159,2079,旋转木马Merry-go-round,1,666,666,"2022-06-13 14:00:39",KTV,1435164
1454044303,7036874422820548,🇯🇵KAILA.tadhana🇵🇭,1692840,10977524097156465,Ons🌹🌹momshielove❤️❤️,1262159,2075,"糖果机Candy Machine",1,66,66,"2022-06-13 13:56:55",KTV,1435164
1454044057,7036874422820548,🇯🇵KAILA.tadhana🇵🇭,1692840,10977524097156465,Ons🌹🌹momshielove❤️❤️,1262159,2047,"幸运金币Lucky Coin",7,35,21,"2022-06-13 13:56:43",KTV,1435164
1454043279,7036874422820548,🇯🇵KAILA.tadhana🇵🇭,1692840,10977524097156465,Ons🌹🌹momshielove❤️❤️,1262159,252,比心Heart,1,3,3,"2022-06-13 13:56:09",KTV,1435164
1454040664,7036874422820548,🇯🇵KAILA.tadhana🇵🇭,1692840,0,,,64,弹幕(VIP),1,3,3,"2022-06-13 13:54:00",KTV,1435164
1454038660,7036874422820548,🇯🇵KAILA.tadhana🇵🇭,1692840,3940649678130133,🌺ONS🌺PION🦂,1262159,2048,"幸运礼盒Lucky Box",2,20,6,"2022-06-13 13:52:22",KTV,1435164
1454038502,7036874422820548,🇯🇵KAILA.tadhana🇵🇭,1692840,3940649678130133,🌺ONS🌺PION🦂,1262159,168,钻石Diamond,1,198,198,"2022-06-13 13:52:12",KTV,1435164
1454037200,7036874422820548,🇯🇵KAILA.tadhana🇵🇭,1692840,3940649678130133,🌺ONS🌺PION🦂,1262159,2047,"幸运金币Lucky Coin",7,35,21,"2022-06-13 13:51:16",KTV,1435164
1453865096,7036874422820548,🇯🇵KAILA.tadhana🇵🇭,1692840,12384898975402669,คŞtคrs✨Toto🍎,1319445,1949,Clown小丑,17,306,306,"2022-06-13 11:32:06",KTV,781658
1453850786,7036874422820548,🇯🇵KAILA.tadhana🇵🇭,1692840,0,,,64,弹幕(VIP),1,3,3,"2022-06-13 11:18:33",KTV,781658
1453804636,7036874422820548,🇯🇵KAILA.tadhana🇵🇭,1692840,8725724283431415,⚔️💘🌹ShAkirA🌹💘⚔️,704549,97,花环Wreath,1,99,99,"2022-06-13 10:33:22",KTV,1014945
1453803714,7036874422820548,🇯🇵KAILA.tadhana🇵🇭,1692840,8725724283431415,⚔️💘🌹ShAkirA🌹💘⚔️,704549,1998,"Baby duck 小鸭子",1,90,90,"2022-06-13 10:32:18",KTV,1014945
1453803651,7036874422820548,🇯🇵KAILA.tadhana🇵🇭,1692840,8725724283431415,⚔️💘🌹ShAkirA🌹💘⚔️,704549,879,直播couple,1,9,9,"2022-06-13 10:32:12",KTV,1014945
1453803336,7036874422820548,🇯🇵KAILA.tadhana🇵🇭,1692840,8725724283431415,⚔️💘🌹ShAkirA🌹💘⚔️,704549,2048,"幸运礼盒Lucky Box",4,40,12,"2022-06-13 10:31:49",KTV,1014945
1453803253,7036874422820548,🇯🇵KAILA.tadhana🇵🇭,1692840,8725724283431415,⚔️💘🌹ShAkirA🌹💘⚔️,704549,2071,"小熊玩偶Bear Doll",1,6,6,"2022-06-13 10:31:44",KTV,1014945
1453787053,7036874422820548,🇯🇵KAILA.tadhana🇵🇭,1692840,8725724283431415,⚔️💘🌹ShAkirA🌹💘⚔️,704549,168,钻石Diamond,1,198,198,"2022-06-13 10:14:52",KTV,1014945
1453786291,7036874422820548,🇯🇵KAILA.tadhana🇵🇭,1692840,8725724283431415,⚔️💘🌹ShAkirA🌹💘⚔️,704549,2047,"幸运金币Lucky Coin",2,10,6,"2022-06-13 10:14:08",KTV,1014945
1453786070,7036874422820548,🇯🇵KAILA.tadhana🇵🇭,1692840,8725724283431415,⚔️💘🌹ShAkirA🌹💘⚔️,704549,2048,"幸运礼盒Lucky Box",4,40,12,"2022-06-13 10:13:55",KTV,1014945
1453785913,7036874422820548,🇯🇵KAILA.tadhana🇵🇭,1692840,8725724283431415,⚔️💘🌹ShAkirA🌹💘⚔️,704549,2048,"幸运礼盒Lucky Box",5,50,15,"2022-06-13 10:13:45",KTV,1014945
1453785752,7036874422820548,🇯🇵KAILA.tadhana🇵🇭,1692840,8725724283431415,⚔️💘🌹ShAkirA🌹💘⚔️,704549,2047,"幸运金币Lucky Coin",6,30,18,"2022-06-13 10:13:35",KTV,1014945
1453785513,7036874422820548,🇯🇵KAILA.tadhana🇵🇭,1692840,8725724283431415,⚔️💘🌹ShAkirA🌹💘⚔️,704549,565,"钻石之吻Crystal kiss",1,69,69,"2022-06-13 10:13:20",KTV,1014945
1453785344,7036874422820548,🇯🇵KAILA.tadhana🇵🇭,1692840,8725724283431415,⚔️💘🌹ShAkirA🌹💘⚔️,704549,12,玫瑰Rose,1,3,3,"2022-06-13 10:13:07",KTV,1014945
1453776002,7036874422820548,🇯🇵KAILA.tadhana🇵🇭,1692840,10133099166197834,🐻CAPT💞_💞dHadHa🐻,1692840,565,"钻石之吻Crystal kiss",1,69,69,"2022-06-13 10:03:32",KTV,1014945
1453775687,7036874422820548,🇯🇵KAILA.tadhana🇵🇭,1692840,10133099166197834,🐻CAPT💞_💞dHadHa🐻,1692840,98,"摇滚兔Rock Rabbit",1,498,498,"2022-06-13 10:03:16",KTV,1014945
1453775366,7036874422820548,🇯🇵KAILA.tadhana🇵🇭,1692840,10133099166197834,🐻CAPT💞_💞dHadHa🐻,1692840,565,"钻石之吻Crystal kiss",1,69,69,"2022-06-13 10:03:00",KTV,1014945
1453774938,7036874422820548,🇯🇵KAILA.tadhana🇵🇭,1692840,10133099166197834,🐻CAPT💞_💞dHadHa🐻,1692840,2079,旋转木马Merry-go-round,1,666,666,"2022-06-13 10:02:38",KTV,1014945
1452530543,7036874422820548,🇯🇵KAILA.tadhana🇵🇭,1692840,10133099166197834,🐻CAPT💞_💞dHadHa🐻,1692840,12,玫瑰Rose,1,3,3,"2022-06-12 12:22:30",KTV,1014945
1452530481,7036874422820548,🇯🇵KAILA.tadhana🇵🇭,1692840,10133099166197834,🐻CAPT💞_💞dHadHa🐻,1692840,12,玫瑰Rose,1,3,3,"2022-06-12 12:22:28",KTV,1014945
1452514329,7036874422820548,🇯🇵KAILA.tadhana🇵🇭,1692840,11540474051652743,🌲ONS🌲jovielab🍀,1262159,879,直播couple,1,9,9,"2022-06-12 12:11:18",作品,11540474080592773
1452513952,7036874422820548,🇯🇵KAILA.tadhana🇵🇭,1692840,11540474051652743,🌲ONS🌲jovielab🍀,1262159,252,比心Heart,1,3,3,"2022-06-12 12:10:59",作品,11540474080592773
1452513870,7036874422820548,🇯🇵KAILA.tadhana🇵🇭,1692840,11540474051652743,🌲ONS🌲jovielab🍀,1262159,646,王冠Crown,1,9,9,"2022-06-12 12:10:55",作品,11540474080592773
1449249827,7036874422820548,🇯🇵KAILA.tadhana🇵🇭,1692840,3659174702362117,🦋🇲​🇦​🇱​🇩​🇮​🇹​🇦​_28🦋,1692840,2047,"幸运金币Lucky Coin",2,10,6,"2022-06-10 09:41:47",KTV,1014945
1449249681,7036874422820548,🇯🇵KAILA.tadhana🇵🇭,1692840,3659174702362117,🦋🇲​🇦​🇱​🇩​🇮​🇹​🇦​_28🦋,1692840,2047,"幸运金币Lucky Coin",3,15,9,"2022-06-10 09:41:40",KTV,1014945
1449249528,7036874422820548,🇯🇵KAILA.tadhana🇵🇭,1692840,3659174702362117,🦋🇲​🇦​🇱​🇩​🇮​🇹​🇦​_28🦋,1692840,2047,"幸运金币Lucky Coin",3,15,9,"2022-06-10 09:41:34",KTV,1014945
1449249429,7036874422820548,🇯🇵KAILA.tadhana🇵🇭,1692840,3659174702362117,🦋🇲​🇦​🇱​🇩​🇮​🇹​🇦​_28🦋,1692840,2047,"幸运金币Lucky Coin",3,15,9,"2022-06-10 09:41:29",KTV,1014945
1449249257,7036874422820548,🇯🇵KAILA.tadhana🇵🇭,1692840,3659174702362117,🦋🇲​🇦​🇱​🇩​🇮​🇹​🇦​_28🦋,1692840,2047,"幸运金币Lucky Coin",3,15,9,"2022-06-10 09:41:22",KTV,1014945
1449248857,7036874422820548,🇯🇵KAILA.tadhana🇵🇭,1692840,3659174702362117,🦋🇲​🇦​🇱​🇩​🇮​🇹​🇦​_28🦋,1692840,556,"热气球Hot Air Balloon",1,300,300,"2022-06-10 09:41:07",KTV,1014945
1449232102,7036874422820548,🇯🇵KAILA.tadhana🇵🇭,1692840,10696049118940129,𖤓⃝𝙇𝙄𝙂𝘼༽𖤓𝕄𝔸𝔻𝕐𝕃𝕃𝔼¹³🎥🎥¹,2008797,2047,"幸运金币Lucky Coin",4,20,12,"2022-06-10 09:29:59",KTV,530808
1449231374,7036874422820548,🇯🇵KAILA.tadhana🇵🇭,1692840,10696049118940129,𖤓⃝𝙇𝙄𝙂𝘼༽𖤓𝕄𝔸𝔻𝕐𝕃𝕃𝔼¹³🎥🎥¹,2008797,2012,"冰棒Ice Lolly",1,12,12,"2022-06-10 09:29:29",KTV,530808
1449228716,7036874422820548,🇯🇵KAILA.tadhana🇵🇭,1692840,0,,,64,弹幕(VIP),1,3,3,"2022-06-10 09:27:39",KTV,530808
1449226238,7036874422820548,🇯🇵KAILA.tadhana🇵🇭,1692840,12666373954378098,🎤🎶🎼Audreyjoy🎼🎶🎤,,1527,鱼Fish,1,9,9,"2022-06-10 09:25:48",KTV,530808
1449226173,7036874422820548,🇯🇵KAILA.tadhana🇵🇭,1692840,12666373954378098,🎤🎶🎼Audreyjoy🎼🎶🎤,,1996,Cheers干杯,1,9,9,"2022-06-10 09:25:46",KTV,530808
1449226062,7036874422820548,🇯🇵KAILA.tadhana🇵🇭,1692840,12666373954378098,🎤🎶🎼Audreyjoy🎼🎶🎤,,2071,"小熊玩偶Bear Doll",1,6,6,"2022-06-10 09:25:40",KTV,530808
1449213176,7036874422820548,🇯🇵KAILA.tadhana🇵🇭,1692840,10696049116530168,𖤓⃝𝙇𝙄𝙂𝘼༽𖤓𝕋ℝ𝕀𝕏𝕀𝔸⚔🥷™️,2008797,2047,"幸运金币Lucky Coin",2,10,6,"2022-06-10 09:16:42",KTV,530808
1449212911,7036874422820548,🇯🇵KAILA.tadhana🇵🇭,1692840,10696049116530168,𖤓⃝𝙇𝙄𝙂𝘼༽𖤓𝕋ℝ𝕀𝕏𝕀𝔸⚔🥷™️,2008797,1468,"音乐盒Music box",1,18,18,"2022-06-10 09:16:31",KTV,530808
1449211636,7036874422820548,🇯🇵KAILA.tadhana🇵🇭,1692840,0,,,64,弹幕(VIP),1,3,3,"2022-06-10 09:15:32",KTV,530808
1449210123,7036874422820548,🇯🇵KAILA.tadhana🇵🇭,1692840,0,,,64,弹幕(VIP),1,3,3,"2022-06-10 09:14:25",KTV,530808
1449206750,7036874422820548,🇯🇵KAILA.tadhana🇵🇭,1692840,1970324840186616,𖤓⃝𝙇𝙄𝙂𝘼༽𖤓𝔹ℍ𝔼𝕍♥️🎧🐼🎧♥️,2008797,97,花环Wreath,1,99,99,"2022-06-10 09:11:58",KTV,530808
1449201550,7036874422820548,🇯🇵KAILA.tadhana🇵🇭,1692840,11540474052038674,༺༒࿇𝐒𝖊𝖝𝖞𝖒𝖔𝖒51࿇༒༻,1904800,2047,"幸运金币Lucky Coin",2,10,6,"2022-06-10 09:07:41",KTV,530808
1449196926,7036874422820548,🇯🇵KAILA.tadhana🇵🇭,1692840,281474979754642,💥🤘alandavecagaanan🤘💥,1268814,1468,"音乐盒Music box",1,18,18,"2022-06-10 09:03:49",KTV,530808
1449193944,7036874422820548,🇯🇵KAILA.tadhana🇵🇭,1692840,7036874421281467,🦋ⒶⓂⓇ🦋💋nED𝕖i🦋💋,674344,2012,"冰棒Ice Lolly",1,12,12,"2022-06-10 09:01:16",KTV,530808
1449167771,7036874422820548,🇯🇵KAILA.tadhana🇵🇭,1692840,8162774327574538,🇮🇳K🅰️URJEET🇮🇳🅿️🅱️🅾️7,1082043,1791,"圣诞袜Christmas Stocking",1,48,48,"2022-06-10 08:37:06",KTV,530808
1449163088,7036874422820548,🇯🇵KAILA.tadhana🇵🇭,1692840,3377699727182539,🧚‍♀️narçiçeği🧚‍♀️,1466173,2012,"冰棒Ice Lolly",1,12,12,"2022-06-10 08:33:14",KTV,530808
1449158521,7036874422820548,🇯🇵KAILA.tadhana🇵🇭,1692840,3659174704403541,🇵🇭🍀🍀☛🆃🅷🅰🅻🅸🅰☚🍀🍀🇵🇭,1363988,2047,"幸运金币Lucky Coin",4,20,12,"2022-06-10 08:29:09",KTV,530808
1449156873,7036874422820548,🇯🇵KAILA.tadhana🇵🇭,1692840,3659174704403541,🇵🇭🍀🍀☛🆃🅷🅰🅻🅸🅰☚🍀🍀🇵🇭,1363988,1527,鱼Fish,1,9,9,"2022-06-10 08:27:46",KTV,530808
1449134085,7036874422820548,🇯🇵KAILA.tadhana🇵🇭,1692840,2251799819797155,ᵞᵐᵐᶠ☬𝙍𝘽𝙍¹⁵²²☬🏴‍☠️,153886,2048,"幸运礼盒Lucky Box",2,20,6,"2022-06-10 08:06:47",KTV,1996335
1449125891,7036874422820548,🇯🇵KAILA.tadhana🇵🇭,1692840,6755399377739561,👣🕊️❤️Beth143❤🕊👣,363953,1468,"音乐盒Music box",1,18,18,"2022-06-10 07:59:10",KTV,1996335
1449119808,7036874422820548,🇯🇵KAILA.tadhana🇵🇭,1692840,11821949023978564,🌻♏️F🅰️♏JAM_MER🌻,159190,2012,"冰棒Ice Lolly",1,12,12,"2022-06-10 07:53:43",KTV,1996335
1449115792,7036874422820548,🇯🇵KAILA.tadhana🇵🇭,1692840,10414574147337047,❣️cRaZeInLuV❣️,186985,2047,"幸运金币Lucky Coin",3,15,9,"2022-06-10 07:50:03",KTV,1996335
1449115617,7036874422820548,🇯🇵KAILA.tadhana🇵🇭,1692840,10414574147337047,❣️cRaZeInLuV❣️,186985,2006,"鹿 Deer",1,6,6,"2022-06-10 07:49:53",KTV,1996335
1449111776,7036874422820548,🇯🇵KAILA.tadhana🇵🇭,1692840,12666373952150965,Amy.M,617400,2047,"幸运金币Lucky Coin",2,10,6,"2022-06-10 07:46:13",KTV,1996335
1449111653,7036874422820548,🇯🇵KAILA.tadhana🇵🇭,1692840,12666373952150965,Amy.M,617400,1527,鱼Fish,1,9,9,"2022-06-10 07:46:07",KTV,1996335
1449107220,7036874422820548,🇯🇵KAILA.tadhana🇵🇭,1692840,8162774330691862,FaustinoGarinoGarino,687056,2012,"冰棒Ice Lolly",1,12,12,"2022-06-10 07:42:21",KTV,1996335
1449102536,7036874422820548,🇯🇵KAILA.tadhana🇵🇭,1692840,10977524099209120,𝑪𝒐𝑪𝒑𝒕⭐𝑩𝒆𝒍𝒍𝒆⭐🦋𝑺𝒏𝑬🇵🇭,1799644,2047,"幸运金币Lucky Coin",2,10,6,"2022-06-10 07:38:36",KTV,1996335
1449102360,7036874422820548,🇯🇵KAILA.tadhana🇵🇭,1692840,10977524099209120,𝑪𝒐𝑪𝒑𝒕⭐𝑩𝒆𝒍𝒍𝒆⭐🦋𝑺𝒏𝑬🇵🇭,1799644,1527,鱼Fish,1,9,9,"2022-06-10 07:38:27",KTV,1996335
1448282384,7036874422820548,🇯🇵KAILA.tadhana🇵🇭,1692840,2533274795676550,🎼JCAT🎤🆂🅼🅻🅿️🆅,175033,12,玫瑰Rose,1,3,3,"2022-06-09 16:46:45",作品,2533274842911226
1447990987,7036874422820548,🇯🇵KAILA.tadhana🇵🇭,1692840,562949959545089,prettymigzbaby,592951,2047,"幸运金币Lucky Coin",4,20,12,"2022-06-09 13:35:54",KTV,81936
1447876657,7036874422820548,🇯🇵KAILA.tadhana🇵🇭,1692840,10414574144387128,🔱⚜ʷᵗ👛CoCapt💄FEBELYN,1262159,1945,"Magic hat魔术帽",4,12,12,"2022-06-09 12:25:00",KTV,781658
1447876528,7036874422820548,🇯🇵KAILA.tadhana🇵🇭,1692840,10414574144387128,🔱⚜ʷᵗ👛CoCapt💄FEBELYN,1262159,1945,"Magic hat魔术帽",5,15,15,"2022-06-09 12:24:55",KTV,781658
1447876430,7036874422820548,🇯🇵KAILA.tadhana🇵🇭,1692840,10414574144387128,🔱⚜ʷᵗ👛CoCapt💄FEBELYN,1262159,1945,"Magic hat魔术帽",4,12,12,"2022-06-09 12:24:50",KTV,781658
1447876323,7036874422820548,🇯🇵KAILA.tadhana🇵🇭,1692840,10414574144387128,🔱⚜ʷᵗ👛CoCapt💄FEBELYN,1262159,1945,"Magic hat魔术帽",5,15,15,"2022-06-09 12:24:46",KTV,781658
1447876225,7036874422820548,🇯🇵KAILA.tadhana🇵🇭,1692840,10414574144387128,🔱⚜ʷᵗ👛CoCapt💄FEBELYN,1262159,1945,"Magic hat魔术帽",7,21,21,"2022-06-09 12:24:41",KTV,781658
1447876080,7036874422820548,🇯🇵KAILA.tadhana🇵🇭,1692840,10414574144387128,🔱⚜ʷᵗ👛CoCapt💄FEBELYN,1262159,1945,"Magic hat魔术帽",8,24,24,"2022-06-09 12:24:35",KTV,781658
1446621338,7036874422820548,🇯🇵KAILA.tadhana🇵🇭,1692840,562949959488147,🎸BossElvie🎸,1492401,1468,"音乐盒Music box",1,18,18,"2022-06-08 15:09:52",KTV,354775
1446614739,7036874422820548,🇯🇵KAILA.tadhana🇵🇭,1692840,562949956863418,🎵🇵🇭🄾🄵🅆-🄺🎧𝔻𝕁_𝔹𝕠𝕣𝕣𝕚𝕫🇸🇦,272612,2012,"冰棒Ice Lolly",1,12,12,"2022-06-08 15:05:37",KTV,354775
1446601777,7036874422820548,🇯🇵KAILA.tadhana🇵🇭,1692840,562949959488147,🎸BossElvie🎸,1492401,879,直播couple,1,9,9,"2022-06-08 14:57:34",KTV,354775
1446595621,7036874422820548,🇯🇵KAILA.tadhana🇵🇭,1692840,7036874421770670,🇵🇭🄾🄵🅆-🄺🎧🅳︎🅹︎🄿🄰🄿🄴»乃🇸🇦,272612,1468,"音乐盒Music box",1,18,18,"2022-06-08 14:54:01",KTV,354775
1446591813,7036874422820548,🇯🇵KAILA.tadhana🇵🇭,1692840,10696049115631252,🎼🎸ꏳꍏᖘ꓄ꍏꀤꈤꪑꪖ𝘳ꪗ🎸🎼,1492401,2048,"幸运礼盒Lucky Box",1,10,3,"2022-06-08 14:51:39",KTV,354775
1446578548,7036874422820548,🇯🇵KAILA.tadhana🇵🇭,1692840,3640408833,🔥©apt_KANSER_GAMER❄️,197701,1468,"音乐盒Music box",1,18,18,"2022-06-08 14:43:51",KTV,1089003
1446577800,7036874422820548,🇯🇵KAILA.tadhana🇵🇭,1692840,3640408833,🔥©apt_KANSER_GAMER❄️,197701,2048,"幸运礼盒Lucky Box",1,10,3,"2022-06-08 14:43:27",KTV,1089003
1446414274,7036874422820548,🇯🇵KAILA.tadhana🇵🇭,1692840,0,,,64,弹幕(VIP),1,3,3,"2022-06-08 12:58:41",KTV,1932258
1446412250,7036874422820548,🇯🇵KAILA.tadhana🇵🇭,1692840,1688849860443203,".""🌸""🅰︎🅽🅶🅸🅴""🌸"".",1692840,2075,"糖果机Candy Machine",1,66,66,"2022-06-08 12:57:20",KTV,1932258
1446411899,7036874422820548,🇯🇵KAILA.tadhana🇵🇭,1692840,1688849860443203,".""🌸""🅰︎🅽🅶🅸🅴""🌸"".",1692840,2048,"幸运礼盒Lucky Box",5,50,15,"2022-06-08 12:57:07",KTV,1932258
1446411672,7036874422820548,🇯🇵KAILA.tadhana🇵🇭,1692840,1688849860443203,".""🌸""🅰︎🅽🅶🅸🅴""🌸"".",1692840,2047,"幸运金币Lucky Coin",5,25,15,"2022-06-08 12:56:59",KTV,1932258
1446411319,7036874422820548,🇯🇵KAILA.tadhana🇵🇭,1692840,1688849860443203,".""🌸""🅰︎🅽🅶🅸🅴""🌸"".",1692840,565,"钻石之吻Crystal kiss",1,69,69,"2022-06-08 12:56:46",KTV,1932258
1446410832,7036874422820548,🇯🇵KAILA.tadhana🇵🇭,1692840,1688849860443203,".""🌸""🅰︎🅽🅶🅸🅴""🌸"".",1692840,2048,"幸运礼盒Lucky Box",6,60,18,"2022-06-08 12:56:27",KTV,1932258
1446410523,7036874422820548,🇯🇵KAILA.tadhana🇵🇭,1692840,1688849860443203,".""🌸""🅰︎🅽🅶🅸🅴""🌸"".",1692840,2049,"招财猫Beckoning Cat",1,50,15,"2022-06-08 12:56:16",KTV,1932258
1446410105,7036874422820548,🇯🇵KAILA.tadhana🇵🇭,1692840,1688849860443203,".""🌸""🅰︎🅽🅶🅸🅴""🌸"".",1692840,2048,"幸运礼盒Lucky Box",6,60,18,"2022-06-08 12:56:01",KTV,1932258
1446409736,7036874422820548,🇯🇵KAILA.tadhana🇵🇭,1692840,1688849860443203,".""🌸""🅰︎🅽🅶🅸🅴""🌸"".",1692840,168,钻石Diamond,1,198,198,"2022-06-08 12:55:48",KTV,1932258
1446407495,7036874422820548,🇯🇵KAILA.tadhana🇵🇭,1692840,0,,,64,弹幕(VIP),1,3,3,"2022-06-08 12:54:23",KTV,1932258
1446405577,7036874422820548,🇯🇵KAILA.tadhana🇵🇭,1692840,10133099166197834,🐻CAPT💞_💞dHadHa🐻,1692840,938,"板球女孩Cricket Girl",1,399,399,"2022-06-08 12:53:12",KTV,1932258
1446404103,7036874422820548,🇯🇵KAILA.tadhana🇵🇭,1692840,10133099166197834,🐻CAPT💞_💞dHadHa🐻,1692840,565,"钻石之吻Crystal kiss",1,69,69,"2022-06-08 12:52:16",KTV,1932258
1446402997,7036874422820548,🇯🇵KAILA.tadhana🇵🇭,1692840,10133099166197834,🐻CAPT💞_💞dHadHa🐻,1692840,2012,"冰棒Ice Lolly",1,12,12,"2022-06-08 12:51:38",KTV,1932258
1446402661,7036874422820548,🇯🇵KAILA.tadhana🇵🇭,1692840,10133099166197834,🐻CAPT💞_💞dHadHa🐻,1692840,2047,"幸运金币Lucky Coin",7,35,21,"2022-06-08 12:51:26",KTV,1932258
1446391634,7036874422820548,🇯🇵KAILA.tadhana🇵🇭,1692840,10133099163263629,🐻JHANE🌈🌻TADHANA,1692840,1945,"Magic hat魔术帽",2,6,6,"2022-06-08 12:45:00",KTV,1932258
1446391517,7036874422820548,🇯🇵KAILA.tadhana🇵🇭,1692840,10133099163263629,🐻JHANE🌈🌻TADHANA,1692840,1945,"Magic hat魔术帽",7,21,21,"2022-06-08 12:44:56",KTV,1932258
1446391348,7036874422820548,🇯🇵KAILA.tadhana🇵🇭,1692840,10133099163263629,🐻JHANE🌈🌻TADHANA,1692840,1945,"Magic hat魔术帽",4,12,12,"2022-06-08 12:44:51",KTV,1932258
1446391172,7036874422820548,🇯🇵KAILA.tadhana🇵🇭,1692840,10133099163263629,🐻JHANE🌈🌻TADHANA,1692840,1945,"Magic hat魔术帽",5,15,15,"2022-06-08 12:44:45",KTV,1932258
1446390938,7036874422820548,🇯🇵KAILA.tadhana🇵🇭,1692840,0,,,64,弹幕(VIP),1,3,3,"2022-06-08 12:44:37",KTV,1932258
1446390113,7036874422820548,🇯🇵KAILA.tadhana🇵🇭,1692840,0,,,64,弹幕(VIP),1,3,3,"2022-06-08 12:44:10",KTV,1932258
1446389697,7036874422820548,🇯🇵KAILA.tadhana🇵🇭,1692840,10133099163263629,🐻JHANE🌈🌻TADHANA,1692840,1945,"Magic hat魔术帽",4,12,12,"2022-06-08 12:43:52",KTV,1932258
1446389518,7036874422820548,🇯🇵KAILA.tadhana🇵🇭,1692840,10133099163263629,🐻JHANE🌈🌻TADHANA,1692840,1945,"Magic hat魔术帽",8,24,24,"2022-06-08 12:43:46",KTV,1932258
1446389165,7036874422820548,🇯🇵KAILA.tadhana🇵🇭,1692840,0,,,64,弹幕(VIP),1,3,3,"2022-06-08 12:43:31",KTV,1932258
1446388503,7036874422820548,🇯🇵KAILA.tadhana🇵🇭,1692840,10133099163263629,🐻JHANE🌈🌻TADHANA,1692840,1945,"Magic hat魔术帽",11,33,33,"2022-06-08 12:43:04",KTV,1932258
1446388286,7036874422820548,🇯🇵KAILA.tadhana🇵🇭,1692840,10133099163263629,🐻JHANE🌈🌻TADHANA,1692840,1945,"Magic hat魔术帽",8,24,24,"2022-06-08 12:42:56",KTV,1932258
1446387975,7036874422820548,🇯🇵KAILA.tadhana🇵🇭,1692840,10133099163263629,🐻JHANE🌈🌻TADHANA,1692840,1945,"Magic hat魔术帽",11,33,33,"2022-06-08 12:42:45",KTV,1932258
1446387763,7036874422820548,🇯🇵KAILA.tadhana🇵🇭,1692840,10133099163263629,🐻JHANE🌈🌻TADHANA,1692840,1945,"Magic hat魔术帽",13,39,39,"2022-06-08 12:42:39",KTV,1932258
1446385309,7036874422820548,🇯🇵KAILA.tadhana🇵🇭,1692840,0,,,64,弹幕(VIP),1,3,3,"2022-06-08 12:41:13",KTV,1932258
1446383900,7036874422820548,🇯🇵KAILA.tadhana🇵🇭,1692840,10133099166197834,🐻CAPT💞_💞dHadHa🐻,1692840,1802,"新年烟花New Year Fireworks",1,999,999,"2022-06-08 12:40:14",KTV,1932258
1446382279,7036874422820548,🇯🇵KAILA.tadhana🇵🇭,1692840,10133099166197834,🐻CAPT💞_💞dHadHa🐻,1692840,1945,"Magic hat魔术帽",6,18,18,"2022-06-08 12:39:14",KTV,1932258
1446381937,7036874422820548,🇯🇵KAILA.tadhana🇵🇭,1692840,10133099166197834,🐻CAPT💞_💞dHadHa🐻,1692840,12,玫瑰Rose,4,12,12,"2022-06-08 12:39:01",KTV,1932258
1446381586,7036874422820548,🇯🇵KAILA.tadhana🇵🇭,1692840,10133099166197834,🐻CAPT💞_💞dHadHa🐻,1692840,1945,"Magic hat魔术帽",20,60,60,"2022-06-08 12:38:45",KTV,1932258
1446381398,7036874422820548,🇯🇵KAILA.tadhana🇵🇭,1692840,10133099166197834,🐻CAPT💞_💞dHadHa🐻,1692840,1945,"Magic hat魔术帽",12,36,36,"2022-06-08 12:38:36",KTV,1932258
1446381233,7036874422820548,🇯🇵KAILA.tadhana🇵🇭,1692840,10133099166197834,🐻CAPT💞_💞dHadHa🐻,1692840,1945,"Magic hat魔术帽",16,48,48,"2022-06-08 12:38:30",KTV,1932258
1446381064,7036874422820548,🇯🇵KAILA.tadhana🇵🇭,1692840,10133099166197834,🐻CAPT💞_💞dHadHa🐻,1692840,1945,"Magic hat魔术帽",21,63,63,"2022-06-08 12:38:23",KTV,1932258
1446380838,7036874422820548,🇯🇵KAILA.tadhana🇵🇭,1692840,10133099166197834,🐻CAPT💞_💞dHadHa🐻,1692840,1945,"Magic hat魔术帽",26,78,78,"2022-06-08 12:38:15",KTV,1932258
1446380576,7036874422820548,🇯🇵KAILA.tadhana🇵🇭,1692840,10133099166197834,🐻CAPT💞_💞dHadHa🐻,1692840,1945,"Magic hat魔术帽",30,90,90,"2022-06-08 12:38:05",KTV,1932258
1446380334,7036874422820548,🇯🇵KAILA.tadhana🇵🇭,1692840,10133099166197834,🐻CAPT💞_💞dHadHa🐻,1692840,1945,"Magic hat魔术帽",45,135,135,"2022-06-08 12:37:54",KTV,1932258
1446338637,7036874422820548,🇯🇵KAILA.tadhana🇵🇭,1692840,10133099163263629,🐻JHANE🌈🌻TADHANA,1692840,1945,"Magic hat魔术帽",27,81,81,"2022-06-08 12:07:23",KTV,781658
1446338442,7036874422820548,🇯🇵KAILA.tadhana🇵🇭,1692840,10133099163263629,🐻JHANE🌈🌻TADHANA,1692840,1945,"Magic hat魔术帽",51,153,153,"2022-06-08 12:07:13",KTV,781658
1446338159,7036874422820548,🇯🇵KAILA.tadhana🇵🇭,1692840,10133099163263629,🐻JHANE🌈🌻TADHANA,1692840,1945,"Magic hat魔术帽",93,279,279,"2022-06-08 12:07:00",KTV,781658
1446337445,7036874422820548,🇯🇵KAILA.tadhana🇵🇭,1692840,10133099163263629,🐻JHANE🌈🌻TADHANA,1692840,565,"钻石之吻Crystal kiss",1,69,69,"2022-06-08 12:06:29",KTV,781658
1446337243,7036874422820548,🇯🇵KAILA.tadhana🇵🇭,1692840,10133099163263629,🐻JHANE🌈🌻TADHANA,1692840,1945,"Magic hat魔术帽",28,84,84,"2022-06-08 12:06:20",KTV,781658
1446336817,7036874422820548,🇯🇵KAILA.tadhana🇵🇭,1692840,10133099163263629,🐻JHANE🌈🌻TADHANA,1692840,1945,"Magic hat魔术帽",34,102,102,"2022-06-08 12:06:04",KTV,781658
1446336454,7036874422820548,🇯🇵KAILA.tadhana🇵🇭,1692840,10133099163263629,🐻JHANE🌈🌻TADHANA,1692840,1945,"Magic hat魔术帽",15,45,45,"2022-06-08 12:05:49",KTV,781658
1446336259,7036874422820548,🇯🇵KAILA.tadhana🇵🇭,1692840,10133099163263629,🐻JHANE🌈🌻TADHANA,1692840,1945,"Magic hat魔术帽",32,96,96,"2022-06-08 12:05:40",KTV,781658
1446336004,7036874422820548,🇯🇵KAILA.tadhana🇵🇭,1692840,10133099163263629,🐻JHANE🌈🌻TADHANA,1692840,1945,"Magic hat魔术帽",39,117,117,"2022-06-08 12:05:26",KTV,781658
1446335566,7036874422820548,🇯🇵KAILA.tadhana🇵🇭,1692840,10133099163263629,🐻JHANE🌈🌻TADHANA,1692840,2079,旋转木马Merry-go-round,1,666,666,"2022-06-08 12:05:08",KTV,781658
1446335221,7036874422820548,🇯🇵KAILA.tadhana🇵🇭,1692840,10133099163263629,🐻JHANE🌈🌻TADHANA,1692840,1949,Clown小丑,19,342,342,"2022-06-08 12:04:51",KTV,781658
1446335034,7036874422820548,🇯🇵KAILA.tadhana🇵🇭,1692840,10133099163263629,🐻JHANE🌈🌻TADHANA,1692840,1949,Clown小丑,58,1044,1044,"2022-06-08 12:04:43",KTV,781658
1446256118,7036874422820548,🇯🇵KAILA.tadhana🇵🇭,1692840,10133099163263629,🐻JHANE🌈🌻TADHANA,1692840,1527,鱼Fish,1,9,9,"2022-06-08 10:52:35",KTV,1014945
1446247085,7036874422820548,🇯🇵KAILA.tadhana🇵🇭,1692840,3659174702362117,🦋🇲​🇦​🇱​🇩​🇮​🇹​🇦​_28🦋,1692840,2005,"金气球Gold Balloon",1,3,3,"2022-06-08 10:44:05",KTV,1014945
1446246978,7036874422820548,🇯🇵KAILA.tadhana🇵🇭,1692840,3659174702362117,🦋🇲​🇦​🇱​🇩​🇮​🇹​🇦​_28🦋,1692840,2071,"小熊玩偶Bear Doll",1,6,6,"2022-06-08 10:43:58",KTV,1014945
1446246821,7036874422820548,🇯🇵KAILA.tadhana🇵🇭,1692840,3659174702362117,🦋🇲​🇦​🇱​🇩​🇮​🇹​🇦​_28🦋,1692840,2047,"幸运金币Lucky Coin",2,10,6,"2022-06-08 10:43:49",KTV,1014945
1446238059,7036874422820548,🇯🇵KAILA.tadhana🇵🇭,1692840,10133099166197834,🐻CAPT💞_💞dHadHa🐻,1692840,2049,"招财猫Beckoning Cat",1,50,15,"2022-06-08 10:34:41",KTV,1014945
1446237964,7036874422820548,🇯🇵KAILA.tadhana🇵🇭,1692840,10133099166197834,🐻CAPT💞_💞dHadHa🐻,1692840,2071,"小熊玩偶Bear Doll",1,6,6,"2022-06-08 10:34:34",KTV,1014945
1446237784,7036874422820548,🇯🇵KAILA.tadhana🇵🇭,1692840,10133099166197834,🐻CAPT💞_💞dHadHa🐻,1692840,2048,"幸运礼盒Lucky Box",5,50,15,"2022-06-08 10:34:21",KTV,1014945
1446231810,7036874422820548,🇯🇵KAILA.tadhana🇵🇭,1692840,10133099163263629,🐻JHANE🌈🌻TADHANA,1692840,2075,"糖果机Candy Machine",1,66,66,"2022-06-08 10:28:33",KTV,1014945
1446231348,7036874422820548,🇯🇵KAILA.tadhana🇵🇭,1692840,10133099163263629,🐻JHANE🌈🌻TADHANA,1692840,2005,"金气球Gold Balloon",1,3,3,"2022-06-08 10:28:09",KTV,1014945
1446231248,7036874422820548,🇯🇵KAILA.tadhana🇵🇭,1692840,10133099163263629,🐻JHANE🌈🌻TADHANA,1692840,2048,"幸运礼盒Lucky Box",5,50,15,"2022-06-08 10:28:04",KTV,1014945
1446231165,7036874422820548,🇯🇵KAILA.tadhana🇵🇭,1692840,10133099163263629,🐻JHANE🌈🌻TADHANA,1692840,2047,"幸运金币Lucky Coin",6,30,18,"2022-06-08 10:27:59",KTV,1014945
1446225247,7036874422820548,🇯🇵KAILA.tadhana🇵🇭,1692840,0,,,64,弹幕(VIP),1,3,3,"2022-06-08 10:22:20",KTV,1014945
1446223629,7036874422820548,🇯🇵KAILA.tadhana🇵🇭,1692840,10133099163263629,🐻JHANE🌈🌻TADHANA,1692840,2047,"幸运金币Lucky Coin",9,45,27,"2022-06-08 10:20:47",KTV,1014945
1446223451,7036874422820548,🇯🇵KAILA.tadhana🇵🇭,1692840,10133099163263629,🐻JHANE🌈🌻TADHANA,1692840,646,王冠Crown,1,9,9,"2022-06-08 10:20:38",KTV,1014945
1446223400,7036874422820548,🇯🇵KAILA.tadhana🇵🇭,1692840,10133099163263629,🐻JHANE🌈🌻TADHANA,1692840,252,比心Heart,1,3,3,"2022-06-08 10:20:35",KTV,1014945
1446223086,7036874422820548,🇯🇵KAILA.tadhana🇵🇭,1692840,10133099163263629,🐻JHANE🌈🌻TADHANA,1692840,2071,"小熊玩偶Bear Doll",1,6,6,"2022-06-08 10:20:13",KTV,1014945
1446222988,7036874422820548,🇯🇵KAILA.tadhana🇵🇭,1692840,10133099163263629,🐻JHANE🌈🌻TADHANA,1692840,2048,"幸运礼盒Lucky Box",5,50,15,"2022-06-08 10:20:07",KTV,1014945
1446222394,7036874422820548,🇯🇵KAILA.tadhana🇵🇭,1692840,10133099163263629,🐻JHANE🌈🌻TADHANA,1692840,2005,"金气球Gold Balloon",1,3,3,"2022-06-08 10:19:26",KTV,1014945
1446222362,7036874422820548,🇯🇵KAILA.tadhana🇵🇭,1692840,10133099163263629,🐻JHANE🌈🌻TADHANA,1692840,879,直播couple,1,9,9,"2022-06-08 10:19:24",KTV,1014945
1446222179,7036874422820548,🇯🇵KAILA.tadhana🇵🇭,1692840,10133099163263629,🐻JHANE🌈🌻TADHANA,1692840,2047,"幸运金币Lucky Coin",10,50,30,"2022-06-08 10:19:11",KTV,1014945
1446215913,7036874422820548,🇯🇵KAILA.tadhana🇵🇭,1692840,10133099163263629,🐻JHANE🌈🌻TADHANA,1692840,608,"芒果汁Mango Juice",1,3,3,"2022-06-08 10:13:06",KTV,1014945
1445456515,7036874422820548,🇯🇵KAILA.tadhana🇵🇭,1692840,6755399446835389,ᕵᗩᖇSᒪᘿᖻ,961281,1996,Cheers干杯,1,9,9,"2022-06-07 19:53:16",作品,6755399472372117
1445456455,7036874422820548,🇯🇵KAILA.tadhana🇵🇭,1692840,6755399446835389,ᕵᗩᖇSᒪᘿᖻ,961281,879,直播couple,1,9,9,"2022-06-07 19:53:10",作品,6755399472372117
1445442706,7036874422820548,🇯🇵KAILA.tadhana🇵🇭,1692840,7036874422820548,🇯🇵KAILA.tadhana🇵🇭,1692840,646,王冠Crown,1,9,9,"2022-06-07 19:31:11",作品,7036874472988536
1445442665,7036874422820548,🇯🇵KAILA.tadhana🇵🇭,1692840,7036874422820548,🇯🇵KAILA.tadhana🇵🇭,1692840,252,比心Heart,1,3,3,"2022-06-07 19:31:07",作品,7036874472988536
1445442547,7036874422820548,🇯🇵KAILA.tadhana🇵🇭,1692840,7036874422820548,🇯🇵KAILA.tadhana🇵🇭,1692840,879,直播couple,1,9,9,"2022-06-07 19:30:56",作品,7036874472988536
1445440524,7036874422820548,🇯🇵KAILA.tadhana🇵🇭,1692840,7036874422820548,🇯🇵KAILA.tadhana🇵🇭,1692840,565,"钻石之吻Crystal kiss",1,69,69,"2022-06-07 19:27:39",作品,7036874472989729
1444954579,7036874422820548,🇯🇵KAILA.tadhana🇵🇭,1692840,0,,,64,弹幕(VIP),1,3,3,"2022-06-07 12:36:37",KTV,781658
1444953658,7036874422820548,🇯🇵KAILA.tadhana🇵🇭,1692840,0,,,64,弹幕(VIP),1,3,3,"2022-06-07 12:35:55",KTV,781658
1444662643,7036874422820548,🇯🇵KAILA.tadhana🇵🇭,1692840,10696049116676229,🎶ᵗʳᵃᵖᵖ☄️🌠Athan🌠☄️🎶,823188,2085,"摩天轮Ferris Wheel",1,300,300,"2022-06-07 08:02:02",直播,301676914
1444658597,7036874422820548,🇯🇵KAILA.tadhana🇵🇭,1692840,10696049116676229,🎶ᵗʳᵃᵖᵖ☄️🌠Athan🌠☄️🎶,823188,2085,"摩天轮Ferris Wheel",1,300,300,"2022-06-07 07:58:25",直播,301676914
1444654255,7036874422820548,🇯🇵KAILA.tadhana🇵🇭,1692840,10696049116676229,🎶ᵗʳᵃᵖᵖ☄️🌠Athan🌠☄️🎶,823188,2047,"幸运金币Lucky Coin",3,15,9,"2022-06-07 07:54:12",直播,301676914
1444654059,7036874422820548,🇯🇵KAILA.tadhana🇵🇭,1692840,10696049116676229,🎶ᵗʳᵃᵖᵖ☄️🌠Athan🌠☄️🎶,823188,2077,耳机Earphone,1,99,99,"2022-06-07 07:54:01",直播,301676914
1444653594,7036874422820548,🇯🇵KAILA.tadhana🇵🇭,1692840,10696049116676229,🎶ᵗʳᵃᵖᵖ☄️🌠Athan🌠☄️🎶,823188,2085,"摩天轮Ferris Wheel",1,300,300,"2022-06-07 07:53:32",直播,301676914
1444639772,7036874422820548,🇯🇵KAILA.tadhana🇵🇭,1692840,10977524097850656,❤️julie💫love❤️,1891940,2071,"小熊玩偶Bear Doll",1,6,6,"2022-06-07 07:39:41",KTV,1908755
1444639596,7036874422820548,🇯🇵KAILA.tadhana🇵🇭,1692840,10977524097850656,❤️julie💫love❤️,1891940,2047,"幸运金币Lucky Coin",5,25,15,"2022-06-07 07:39:32",KTV,1908755
1444632175,7036874422820548,🇯🇵KAILA.tadhana🇵🇭,1692840,7318349398033130,❤️αί💫ʆεεη❤️,1891940,879,直播couple,1,9,9,"2022-06-07 07:31:44",KTV,1908755
1444631430,7036874422820548,🇯🇵KAILA.tadhana🇵🇭,1692840,7318349398033130,❤️αί💫ʆεεη❤️,1891940,2047,"幸运金币Lucky Coin",3,15,9,"2022-06-07 07:30:55",KTV,1908755
1444626856,7036874422820548,🇯🇵KAILA.tadhana🇵🇭,1692840,844424935946641,❤❤love21❤❤,1598943,2047,"幸运金币Lucky Coin",4,20,12,"2022-06-07 07:26:46",KTV,1908755
1444623542,7036874422820548,🇯🇵KAILA.tadhana🇵🇭,1692840,12384898980512784,AnalynKuyan,1770121,646,王冠Crown,1,9,9,"2022-06-07 07:23:17",KTV,1908755
1444623484,7036874422820548,🇯🇵KAILA.tadhana🇵🇭,1692840,12384898980512784,AnalynKuyan,1770121,252,比心Heart,1,3,3,"2022-06-07 07:23:14",KTV,1908755
1444623187,7036874422820548,🇯🇵KAILA.tadhana🇵🇭,1692840,12384898980512784,AnalynKuyan,1770121,879,直播couple,1,9,9,"2022-06-07 07:22:57",KTV,1908755
1444623086,7036874422820548,🇯🇵KAILA.tadhana🇵🇭,1692840,12384898980512784,AnalynKuyan,1770121,1996,Cheers干杯,1,9,9,"2022-06-07 07:22:52",KTV,1908755
1444619545,7036874422820548,🇯🇵KAILA.tadhana🇵🇭,1692840,2533274793520657,JershanorSiabotAlvio,482221,2047,"幸运金币Lucky Coin",2,10,6,"2022-06-07 07:19:40",KTV,1908755
1444616829,7036874422820548,🇯🇵KAILA.tadhana🇵🇭,1692840,2533274793520657,JershanorSiabotAlvio,482221,2071,"小熊玩偶Bear Doll",1,6,6,"2022-06-07 07:16:55",KTV,1908755
1444616523,7036874422820548,🇯🇵KAILA.tadhana🇵🇭,1692840,2533274793520657,JershanorSiabotAlvio,482221,2047,"幸运金币Lucky Coin",5,25,15,"2022-06-07 07:16:37",KTV,1908755
1444590172,7036874422820548,🇯🇵KAILA.tadhana🇵🇭,1692840,7036874422820548,🇯🇵KAILA.tadhana🇵🇭,1692840,565,"钻石之吻Crystal kiss",1,69,69,"2022-06-07 06:52:24",作品,7036874472979397
1444585025,7036874422820548,🇯🇵KAILA.tadhana🇵🇭,1692840,7036874422820548,🇯🇵KAILA.tadhana🇵🇭,1692840,565,"钻石之吻Crystal kiss",1,69,69,"2022-06-07 06:46:51",作品,7036874472982179
1444200937,7036874422820548,🇯🇵KAILA.tadhana🇵🇭,1692840,7036874422820548,🇯🇵KAILA.tadhana🇵🇭,1692840,646,王冠Crown,1,9,9,"2022-06-07 00:49:40",作品,7036874472978056
1444200884,7036874422820548,🇯🇵KAILA.tadhana🇵🇭,1692840,7036874422820548,🇯🇵KAILA.tadhana🇵🇭,1692840,252,比心Heart,1,3,3,"2022-06-07 00:49:37",作品,7036874472978056
1444200531,7036874422820548,🇯🇵KAILA.tadhana🇵🇭,1692840,7036874422820548,🇯🇵KAILA.tadhana🇵🇭,1692840,879,直播couple,1,9,9,"2022-06-07 00:49:15",作品,7036874472978056
1443758577,7036874422820548,🇯🇵KAILA.tadhana🇵🇭,1692840,1970324841447687,ONs☘️BoSs🔥ySSATruly,1262159,2047,"幸运金币Lucky Coin",2,10,6,"2022-06-06 15:23:06",KTV,853309
1443754326,7036874422820548,🇯🇵KAILA.tadhana🇵🇭,1692840,10414574143287260,🌷🅾️NS🌷C0Cap🌷LadyJh0🌷,1262159,2047,"幸运金币Lucky Coin",7,35,21,"2022-06-06 15:20:11",KTV,853309
1443753996,7036874422820548,🇯🇵KAILA.tadhana🇵🇭,1692840,10414574143287260,🌷🅾️NS🌷C0Cap🌷LadyJh0🌷,1262159,2047,"幸运金币Lucky Coin",7,35,21,"2022-06-06 15:20:00",KTV,853309
1443753820,7036874422820548,🇯🇵KAILA.tadhana🇵🇭,1692840,10414574143287260,🌷🅾️NS🌷C0Cap🌷LadyJh0🌷,1262159,2047,"幸运金币Lucky Coin",5,25,15,"2022-06-06 15:19:52",KTV,853309
1443751037,7036874422820548,🇯🇵KAILA.tadhana🇵🇭,1692840,0,,,64,弹幕(VIP),1,3,3,"2022-06-06 15:18:12",KTV,853309
1443750478,7036874422820548,🇯🇵KAILA.tadhana🇵🇭,1692840,0,,,64,弹幕(VIP),1,3,3,"2022-06-06 15:17:49",KTV,853309
1443745929,7036874422820548,🇯🇵KAILA.tadhana🇵🇭,1692840,0,,,64,弹幕(VIP),1,3,3,"2022-06-06 15:14:49",KTV,853309
1443745017,7036874422820548,🇯🇵KAILA.tadhana🇵🇭,1692840,0,,,64,弹幕(VIP),1,3,3,"2022-06-06 15:14:15",KTV,853309
1443547693,7036874422820548,🇯🇵KAILA.tadhana🇵🇭,1692840,0,,,64,弹幕(VIP),1,3,3,"2022-06-06 13:05:47",KTV,1435164
1443433911,7036874422820548,🇯🇵KAILA.tadhana🇵🇭,1692840,0,,,64,弹幕(VIP),1,3,3,"2022-06-06 11:22:31",KTV,781658
1442377725,7036874422820548,🇯🇵KAILA.tadhana🇵🇭,1692840,10414574144387128,🔱⚜ʷᵗ👛CoCapt💄FEBELYN,1262159,2047,"幸运金币Lucky Coin",2,10,6,"2022-06-05 14:05:08",KTV,853309
1442377465,7036874422820548,🇯🇵KAILA.tadhana🇵🇭,1692840,10414574144387128,🔱⚜ʷᵗ👛CoCapt💄FEBELYN,1262159,2049,"招财猫Beckoning Cat",1,50,15,"2022-06-05 14:04:58",KTV,853309
1442361253,7036874422820548,🇯🇵KAILA.tadhana🇵🇭,1692840,6755399446835389,ᕵᗩᖇSᒪᘿᖻ,961281,1947,"Circus tent马戏团",4,36,36,"2022-06-05 13:54:15",KTV,853309
1442361198,7036874422820548,🇯🇵KAILA.tadhana🇵🇭,1692840,6755399446835389,ᕵᗩᖇSᒪᘿᖻ,961281,1947,"Circus tent马戏团",1,9,9,"2022-06-05 13:54:13",KTV,853309
1442360857,7036874422820548,🇯🇵KAILA.tadhana🇵🇭,1692840,6755399446835389,ᕵᗩᖇSᒪᘿᖻ,961281,2075,"糖果机Candy Machine",2,132,132,"2022-06-05 13:53:59",KTV,853309
1442360583,7036874422820548,🇯🇵KAILA.tadhana🇵🇭,1692840,6755399446835389,ᕵᗩᖇSᒪᘿᖻ,961281,2049,"招财猫Beckoning Cat",1,50,15,"2022-06-05 13:53:45",KTV,853309
1442360509,7036874422820548,🇯🇵KAILA.tadhana🇵🇭,1692840,6755399446835389,ᕵᗩᖇSᒪᘿᖻ,961281,2049,"招财猫Beckoning Cat",1,50,15,"2022-06-05 13:53:43",KTV,853309
1442360459,7036874422820548,🇯🇵KAILA.tadhana🇵🇭,1692840,6755399446835389,ᕵᗩᖇSᒪᘿᖻ,961281,2049,"招财猫Beckoning Cat",1,50,15,"2022-06-05 13:53:40",KTV,853309
1442360149,7036874422820548,🇯🇵KAILA.tadhana🇵🇭,1692840,10414574144387128,🔱⚜ʷᵗ👛CoCapt💄FEBELYN,1262159,1947,"Circus tent马戏团",32,288,288,"2022-06-05 13:53:25",KTV,853309
1442283260,7036874422820548,🇯🇵KAILA.tadhana🇵🇭,1692840,10414574144387128,🔱⚜ʷᵗ👛CoCapt💄FEBELYN,1262159,1947,"Circus tent马戏团",5,45,45,"2022-06-05 13:01:19",KTV,781658
1442261682,7036874422820548,🇯🇵KAILA.tadhana🇵🇭,1692840,7036874422820548,🇯🇵KAILA.tadhana🇵🇭,1692840,2048,"幸运礼盒Lucky Box",11,110,33,"2022-06-05 12:45:21",KTV,781658
1442194875,7036874422820548,🇯🇵KAILA.tadhana🇵🇭,1692840,7036874422756162,🌟💛SAMANTHA💛🌟THF,670849,12,玫瑰Rose,1,3,3,"2022-06-05 11:49:20",作品,7036874447208241
1442194794,7036874422820548,🇯🇵KAILA.tadhana🇵🇭,1692840,7036874422756162,🌟💛SAMANTHA💛🌟THF,670849,1996,Cheers干杯,1,9,9,"2022-06-05 11:49:16",作品,7036874447208241
1442194689,7036874422820548,🇯🇵KAILA.tadhana🇵🇭,1692840,7036874422756162,🌟💛SAMANTHA💛🌟THF,670849,879,直播couple,1,9,9,"2022-06-05 11:49:11",作品,7036874447208241
1441749991,7036874422820548,🇯🇵KAILA.tadhana🇵🇭,1692840,0,,,64,弹幕(VIP),1,3,3,"2022-06-05 04:20:27",KTV,1014945
1441744237,7036874422820548,🇯🇵KAILA.tadhana🇵🇭,1692840,6755399446835389,ᕵᗩᖇSᒪᘿᖻ,961281,2048,"幸运礼盒Lucky Box",2,20,6,"2022-06-05 04:14:19",KTV,1014945
1441743998,7036874422820548,🇯🇵KAILA.tadhana🇵🇭,1692840,6755399446835389,ᕵᗩᖇSᒪᘿᖻ,961281,2048,"幸运礼盒Lucky Box",4,40,12,"2022-06-05 04:14:05",KTV,1014945
1441721793,7036874422820548,🇯🇵KAILA.tadhana🇵🇭,1692840,0,,,64,弹幕(VIP),1,3,3,"2022-06-05 03:50:05",KTV,1014945
1441721070,7036874422820548,🇯🇵KAILA.tadhana🇵🇭,1692840,6755399376758990,💫🌠✪J-Seen✪🌠💫,370912,97,花环Wreath,1,99,99,"2022-06-05 03:49:23",KTV,1014945
1441720257,7036874422820548,🇯🇵KAILA.tadhana🇵🇭,1692840,12666373956679537,Aracely01_TadhanaFaM,1692840,2048,"幸运礼盒Lucky Box",4,40,12,"2022-06-05 03:48:38",KTV,1014945
1441717215,7036874422820548,🇯🇵KAILA.tadhana🇵🇭,1692840,0,,,64,弹幕(VIP),1,3,3,"2022-06-05 03:46:07",KTV,1014945
1441715600,7036874422820548,🇯🇵KAILA.tadhana🇵🇭,1692840,12666373952155079,คŞtคrs✨Sweetheart💝,1319445,2048,"幸运礼盒Lucky Box",7,70,21,"2022-06-05 03:44:32",KTV,1014945
1441709964,7036874422820548,🇯🇵KAILA.tadhana🇵🇭,1692840,0,,,64,弹幕(VIP),1,3,3,"2022-06-05 03:38:38",KTV,1014945
1441706498,7036874422820548,🇯🇵KAILA.tadhana🇵🇭,1692840,12666373952155079,คŞtคrs✨Sweetheart💝,1319445,2047,"幸运金币Lucky Coin",3,15,9,"2022-06-05 03:34:52",KTV,1014945
1441703655,7036874422820548,🇯🇵KAILA.tadhana🇵🇭,1692840,12666373956679537,Aracely01_TadhanaFaM,1692840,2048,"幸运礼盒Lucky Box",3,30,9,"2022-06-05 03:32:05",KTV,1014945
1441703487,7036874422820548,🇯🇵KAILA.tadhana🇵🇭,1692840,12666373956679537,Aracely01_TadhanaFaM,1692840,608,"芒果汁Mango Juice",1,3,3,"2022-06-05 03:31:53",KTV,1014945
1441700374,7036874422820548,🇯🇵KAILA.tadhana🇵🇭,1692840,12666373959228490,คŞtคr✨️MooiMeisje👸,1319445,2047,"幸运金币Lucky Coin",2,10,6,"2022-06-05 03:28:32",KTV,1014945
1441700302,7036874422820548,🇯🇵KAILA.tadhana🇵🇭,1692840,12666373959228490,คŞtคr✨️MooiMeisje👸,1319445,2047,"幸运金币Lucky Coin",4,20,12,"2022-06-05 03:28:28",KTV,1014945
1441696941,7036874422820548,🇯🇵KAILA.tadhana🇵🇭,1692840,0,,,64,弹幕(VIP),1,3,3,"2022-06-05 03:24:58",KTV,1014945
1441689609,7036874422820548,🇯🇵KAILA.tadhana🇵🇭,1692840,12666373956679537,Aracely01_TadhanaFaM,1692840,2047,"幸运金币Lucky Coin",3,15,9,"2022-06-05 03:17:12",KTV,1014945
1441688396,7036874422820548,🇯🇵KAILA.tadhana🇵🇭,1692840,12666373956679537,Aracely01_TadhanaFaM,1692840,646,王冠Crown,1,9,9,"2022-06-05 03:15:51",KTV,1014945
1441688316,7036874422820548,🇯🇵KAILA.tadhana🇵🇭,1692840,12666373956679537,Aracely01_TadhanaFaM,1692840,252,比心Heart,1,3,3,"2022-06-05 03:15:47",KTV,1014945
1441688112,7036874422820548,🇯🇵KAILA.tadhana🇵🇭,1692840,12666373956679537,Aracely01_TadhanaFaM,1692840,2047,"幸运金币Lucky Coin",2,10,6,"2022-06-05 03:15:34",KTV,1014945
1441679253,7036874422820548,🇯🇵KAILA.tadhana🇵🇭,1692840,12666373956679537,Aracely01_TadhanaFaM,1692840,2048,"幸运礼盒Lucky Box",11,110,33,"2022-06-05 03:06:50",KTV,1014945
1441631849,7036874422820548,🇯🇵KAILA.tadhana🇵🇭,1692840,562949960232853,💜💜iMPakTiTA_28💜💜,1692840,1949,Clown小丑,1,18,18,"2022-06-05 02:20:12",KTV,1932258
1441631848,7036874422820548,🇯🇵KAILA.tadhana🇵🇭,1692840,3659174702362117,🦋🇲​🇦​🇱​🇩​🇮​🇹​🇦​_28🦋,1692840,1949,Clown小丑,1,18,18,"2022-06-05 02:20:12",KTV,1932258
1441631847,7036874422820548,🇯🇵KAILA.tadhana🇵🇭,1692840,10133099166197834,🐻CAPT💞_💞dHadHa🐻,1692840,1949,Clown小丑,1,18,18,"2022-06-05 02:20:12",KTV,1932258
1441631846,7036874422820548,🇯🇵KAILA.tadhana🇵🇭,1692840,7036874422820548,🇯🇵KAILA.tadhana🇵🇭,1692840,1949,Clown小丑,1,18,18,"2022-06-05 02:20:12",KTV,1932258
1441631845,7036874422820548,🇯🇵KAILA.tadhana🇵🇭,1692840,4222124657466603,💜💜AyuDWen_22💜💜,1692840,1949,Clown小丑,1,18,18,"2022-06-05 02:20:12",KTV,1932258
1441631712,7036874422820548,🇯🇵KAILA.tadhana🇵🇭,1692840,10133099166197834,🐻CAPT💞_💞dHadHa🐻,1692840,1949,Clown小丑,1,18,18,"2022-06-05 02:20:03",KTV,1932258
1441631711,7036874422820548,🇯🇵KAILA.tadhana🇵🇭,1692840,7036874422820548,🇯🇵KAILA.tadhana🇵🇭,1692840,1949,Clown小丑,1,18,18,"2022-06-05 02:20:03",KTV,1932258
1441631710,7036874422820548,🇯🇵KAILA.tadhana🇵🇭,1692840,3659174702362117,🦋🇲​🇦​🇱​🇩​🇮​🇹​🇦​_28🦋,1692840,1949,Clown小丑,1,18,18,"2022-06-05 02:20:03",KTV,1932258
1441631709,7036874422820548,🇯🇵KAILA.tadhana🇵🇭,1692840,562949960232853,💜💜iMPakTiTA_28💜💜,1692840,1949,Clown小丑,1,18,18,"2022-06-05 02:20:03",KTV,1932258
1441631708,7036874422820548,🇯🇵KAILA.tadhana🇵🇭,1692840,4222124657466603,💜💜AyuDWen_22💜💜,1692840,1949,Clown小丑,1,18,18,"2022-06-05 02:20:03",KTV,1932258
1441631574,7036874422820548,🇯🇵KAILA.tadhana🇵🇭,1692840,3659174702362117,🦋🇲​🇦​🇱​🇩​🇮​🇹​🇦​_28🦋,1692840,1949,Clown小丑,1,18,18,"2022-06-05 02:19:54",KTV,1932258
1441631573,7036874422820548,🇯🇵KAILA.tadhana🇵🇭,1692840,10133099166197834,🐻CAPT💞_💞dHadHa🐻,1692840,1949,Clown小丑,1,18,18,"2022-06-05 02:19:54",KTV,1932258
1441631572,7036874422820548,🇯🇵KAILA.tadhana🇵🇭,1692840,4222124657466603,💜💜AyuDWen_22💜💜,1692840,1949,Clown小丑,1,18,18,"2022-06-05 02:19:54",KTV,1932258
1441631571,7036874422820548,🇯🇵KAILA.tadhana🇵🇭,1692840,7036874422820548,🇯🇵KAILA.tadhana🇵🇭,1692840,1949,Clown小丑,1,18,18,"2022-06-05 02:19:54",KTV,1932258
1441631569,7036874422820548,🇯🇵KAILA.tadhana🇵🇭,1692840,562949960232853,💜💜iMPakTiTA_28💜💜,1692840,1949,Clown小丑,1,18,18,"2022-06-05 02:19:54",KTV,1932258
1441631430,7036874422820548,🇯🇵KAILA.tadhana🇵🇭,1692840,562949960232853,💜💜iMPakTiTA_28💜💜,1692840,1949,Clown小丑,1,18,18,"2022-06-05 02:19:45",KTV,1932258
1441631429,7036874422820548,🇯🇵KAILA.tadhana🇵🇭,1692840,10133099166197834,🐻CAPT💞_💞dHadHa🐻,1692840,1949,Clown小丑,1,18,18,"2022-06-05 02:19:45",KTV,1932258
1441631428,7036874422820548,🇯🇵KAILA.tadhana🇵🇭,1692840,4222124657466603,💜💜AyuDWen_22💜💜,1692840,1949,Clown小丑,1,18,18,"2022-06-05 02:19:45",KTV,1932258
1441631427,7036874422820548,🇯🇵KAILA.tadhana🇵🇭,1692840,3659174702362117,🦋🇲​🇦​🇱​🇩​🇮​🇹​🇦​_28🦋,1692840,1949,Clown小丑,1,18,18,"2022-06-05 02:19:45",KTV,1932258
1441631426,7036874422820548,🇯🇵KAILA.tadhana🇵🇭,1692840,7036874422820548,🇯🇵KAILA.tadhana🇵🇭,1692840,1949,Clown小丑,1,18,18,"2022-06-05 02:19:45",KTV,1932258
1441629860,7036874422820548,🇯🇵KAILA.tadhana🇵🇭,1692840,7036874422820548,🇯🇵KAILA.tadhana🇵🇭,1692840,1949,Clown小丑,2,36,36,"2022-06-05 02:18:06",KTV,1932258
1441629859,7036874422820548,🇯🇵KAILA.tadhana🇵🇭,1692840,10133099166197834,🐻CAPT💞_💞dHadHa🐻,1692840,1949,Clown小丑,2,36,36,"2022-06-05 02:18:06",KTV,1932258
1441629858,7036874422820548,🇯🇵KAILA.tadhana🇵🇭,1692840,3659174702362117,🦋🇲​🇦​🇱​🇩​🇮​🇹​🇦​_28🦋,1692840,1949,Clown小丑,2,36,36,"2022-06-05 02:18:06",KTV,1932258
1441629857,7036874422820548,🇯🇵KAILA.tadhana🇵🇭,1692840,562949960232853,💜💜iMPakTiTA_28💜💜,1692840,1949,Clown小丑,2,36,36,"2022-06-05 02:18:06",KTV,1932258
1441629855,7036874422820548,🇯🇵KAILA.tadhana🇵🇭,1692840,4222124657466603,💜💜AyuDWen_22💜💜,1692840,1949,Clown小丑,2,36,36,"2022-06-05 02:18:06",KTV,1932258
1441629744,7036874422820548,🇯🇵KAILA.tadhana🇵🇭,1692840,562949960232853,💜💜iMPakTiTA_28💜💜,1692840,1949,Clown小丑,3,54,54,"2022-06-05 02:18:00",KTV,1932258
1441629743,7036874422820548,🇯🇵KAILA.tadhana🇵🇭,1692840,4222124657466603,💜💜AyuDWen_22💜💜,1692840,1949,Clown小丑,3,54,54,"2022-06-05 02:18:00",KTV,1932258
1441629742,7036874422820548,🇯🇵KAILA.tadhana🇵🇭,1692840,3659174702362117,🦋🇲​🇦​🇱​🇩​🇮​🇹​🇦​_28🦋,1692840,1949,Clown小丑,3,54,54,"2022-06-05 02:18:00",KTV,1932258
1441629741,7036874422820548,🇯🇵KAILA.tadhana🇵🇭,1692840,7036874422820548,🇯🇵KAILA.tadhana🇵🇭,1692840,1949,Clown小丑,3,54,54,"2022-06-05 02:18:00",KTV,1932258
1441629612,7036874422820548,🇯🇵KAILA.tadhana🇵🇭,1692840,562949960232853,💜💜iMPakTiTA_28💜💜,1692840,1949,Clown小丑,4,72,72,"2022-06-05 02:17:52",KTV,1932258
1441629610,7036874422820548,🇯🇵KAILA.tadhana🇵🇭,1692840,3659174702362117,🦋🇲​🇦​🇱​🇩​🇮​🇹​🇦​_28🦋,1692840,1949,Clown小丑,4,72,72,"2022-06-05 02:17:52",KTV,1932258
1441629608,7036874422820548,🇯🇵KAILA.tadhana🇵🇭,1692840,4222124657466603,💜💜AyuDWen_22💜💜,1692840,1949,Clown小丑,4,72,72,"2022-06-05 02:17:52",KTV,1932258
1441629607,7036874422820548,🇯🇵KAILA.tadhana🇵🇭,1692840,7036874422820548,🇯🇵KAILA.tadhana🇵🇭,1692840,1949,Clown小丑,4,72,72,"2022-06-05 02:17:52",KTV,1932258
1441629562,7036874422820548,🇯🇵KAILA.tadhana🇵🇭,1692840,7036874422820548,🇯🇵KAILA.tadhana🇵🇭,1692840,1949,Clown小丑,1,18,18,"2022-06-05 02:17:49",KTV,1932258
1441629561,7036874422820548,🇯🇵KAILA.tadhana🇵🇭,1692840,3659174702362117,🦋🇲​🇦​🇱​🇩​🇮​🇹​🇦​_28🦋,1692840,1949,Clown小丑,1,18,18,"2022-06-05 02:17:49",KTV,1932258
1441629560,7036874422820548,🇯🇵KAILA.tadhana🇵🇭,1692840,562949960232853,💜💜iMPakTiTA_28💜💜,1692840,1949,Clown小丑,1,18,18,"2022-06-05 02:17:49",KTV,1932258
1441629559,7036874422820548,🇯🇵KAILA.tadhana🇵🇭,1692840,4222124657466603,💜💜AyuDWen_22💜💜,1692840,1949,Clown小丑,1,18,18,"2022-06-05 02:17:49",KTV,1932258
1441629276,7036874422820548,🇯🇵KAILA.tadhana🇵🇭,1692840,3659174702362117,🦋🇲​🇦​🇱​🇩​🇮​🇹​🇦​_28🦋,1692840,1949,Clown小丑,3,54,54,"2022-06-05 02:17:30",KTV,1932258
1441629275,7036874422820548,🇯🇵KAILA.tadhana🇵🇭,1692840,562949960232853,💜💜iMPakTiTA_28💜💜,1692840,1949,Clown小丑,3,54,54,"2022-06-05 02:17:30",KTV,1932258
1441629274,7036874422820548,🇯🇵KAILA.tadhana🇵🇭,1692840,7036874422820548,🇯🇵KAILA.tadhana🇵🇭,1692840,1949,Clown小丑,3,54,54,"2022-06-05 02:17:30",KTV,1932258
1441629273,7036874422820548,🇯🇵KAILA.tadhana🇵🇭,1692840,4222124657466603,💜💜AyuDWen_22💜💜,1692840,1949,Clown小丑,3,54,54,"2022-06-05 02:17:30",KTV,1932258
1441629200,7036874422820548,🇯🇵KAILA.tadhana🇵🇭,1692840,7036874422820548,🇯🇵KAILA.tadhana🇵🇭,1692840,1949,Clown小丑,6,108,108,"2022-06-05 02:17:24",KTV,1932258
1441629199,7036874422820548,🇯🇵KAILA.tadhana🇵🇭,1692840,562949960232853,💜💜iMPakTiTA_28💜💜,1692840,1949,Clown小丑,6,108,108,"2022-06-05 02:17:24",KTV,1932258
1441629198,7036874422820548,🇯🇵KAILA.tadhana🇵🇭,1692840,3659174702362117,🦋🇲​🇦​🇱​🇩​🇮​🇹​🇦​_28🦋,1692840,1949,Clown小丑,6,108,108,"2022-06-05 02:17:24",KTV,1932258
1441629119,7036874422820548,🇯🇵KAILA.tadhana🇵🇭,1692840,7036874422820548,🇯🇵KAILA.tadhana🇵🇭,1692840,1949,Clown小丑,1,18,18,"2022-06-05 02:17:20",KTV,1932258
1441629118,7036874422820548,🇯🇵KAILA.tadhana🇵🇭,1692840,562949960232853,💜💜iMPakTiTA_28💜💜,1692840,1949,Clown小丑,1,18,18,"2022-06-05 02:17:20",KTV,1932258
1441629116,7036874422820548,🇯🇵KAILA.tadhana🇵🇭,1692840,3659174702362117,🦋🇲​🇦​🇱​🇩​🇮​🇹​🇦​_28🦋,1692840,1949,Clown小丑,1,18,18,"2022-06-05 02:17:20",KTV,1932258
1441028340,7036874422820548,🇯🇵KAILA.tadhana🇵🇭,1692840,2251799816886476,✰ᵇʳᵃⁿᵈᵒⁿ✰🆃🅰︎🅳🅷🅰︎🅽🅰︎,1692840,2047,"幸运金币Lucky Coin",3,15,9,"2022-06-04 14:35:20",作品,2251799862878419
1441028061,7036874422820548,🇯🇵KAILA.tadhana🇵🇭,1692840,2251799816886476,✰ᵇʳᵃⁿᵈᵒⁿ✰🆃🅰︎🅳🅷🅰︎🅽🅰︎,1692840,2047,"幸运金币Lucky Coin",2,10,6,"2022-06-04 14:35:09",作品,2251799862878419
1441027823,7036874422820548,🇯🇵KAILA.tadhana🇵🇭,1692840,2251799816886476,✰ᵇʳᵃⁿᵈᵒⁿ✰🆃🅰︎🅳🅷🅰︎🅽🅰︎,1692840,2047,"幸运金币Lucky Coin",3,15,9,"2022-06-04 14:35:02",作品,2251799862878419
1441027179,7036874422820548,🇯🇵KAILA.tadhana🇵🇭,1692840,2251799816886476,✰ᵇʳᵃⁿᵈᵒⁿ✰🆃🅰︎🅳🅷🅰︎🅽🅰︎,1692840,646,王冠Crown,1,9,9,"2022-06-04 14:34:42",作品,2251799862878419
1441027066,7036874422820548,🇯🇵KAILA.tadhana🇵🇭,1692840,2251799816886476,✰ᵇʳᵃⁿᵈᵒⁿ✰🆃🅰︎🅳🅷🅰︎🅽🅰︎,1692840,252,比心Heart,1,3,3,"2022-06-04 14:34:38",作品,2251799862878419
1441026183,7036874422820548,🇯🇵KAILA.tadhana🇵🇭,1692840,2251799816886476,✰ᵇʳᵃⁿᵈᵒⁿ✰🆃🅰︎🅳🅷🅰︎🅽🅰︎,1692840,879,直播couple,1,9,9,"2022-06-04 14:34:07",作品,2251799862878419
1437249071,7036874422820548,🇯🇵KAILA.tadhana🇵🇭,1692840,7036874422820548,🇯🇵KAILA.tadhana🇵🇭,1692840,12,玫瑰Rose,1,3,3,"2022-06-01 20:14:15",作品,7036874472684388
1437249024,7036874422820548,🇯🇵KAILA.tadhana🇵🇭,1692840,7036874422820548,🇯🇵KAILA.tadhana🇵🇭,1692840,12,玫瑰Rose,1,3,3,"2022-06-01 20:14:12",作品,7036874472684388
1437243113,7036874422820548,🇯🇵KAILA.tadhana🇵🇭,1692840,7036874422820548,🇯🇵KAILA.tadhana🇵🇭,1692840,646,王冠Crown,1,9,9,"2022-06-01 20:05:06",作品,7036874472721342
1437243062,7036874422820548,🇯🇵KAILA.tadhana🇵🇭,1692840,7036874422820548,🇯🇵KAILA.tadhana🇵🇭,1692840,60,"金麦克Gold Mic",1,48,48,"2022-06-01 20:05:02",作品,7036874472721342
1437243013,7036874422820548,🇯🇵KAILA.tadhana🇵🇭,1692840,7036874422820548,🇯🇵KAILA.tadhana🇵🇭,1692840,252,比心Heart,1,3,3,"2022-06-01 20:04:57",作品,7036874472721342
1437242790,7036874422820548,🇯🇵KAILA.tadhana🇵🇭,1692840,7036874422820548,🇯🇵KAILA.tadhana🇵🇭,1692840,97,花环Wreath,1,99,99,"2022-06-01 20:04:34",作品,7036874472721342
1437242390,7036874422820548,🇯🇵KAILA.tadhana🇵🇭,1692840,7036874422820548,🇯🇵KAILA.tadhana🇵🇭,1692840,879,直播couple,1,9,9,"2022-06-01 20:03:59",作品,7036874472721342
1437242066,7036874422820548,🇯🇵KAILA.tadhana🇵🇭,1692840,7036874422820548,🇯🇵KAILA.tadhana🇵🇭,1692840,565,"钻石之吻Crystal kiss",1,69,69,"2022-06-01 20:03:32",作品,7036874472721342
1437200090,7036874422820548,🇯🇵KAILA.tadhana🇵🇭,1692840,7036874422820548,🇯🇵KAILA.tadhana🇵🇭,1692840,565,"钻石之吻Crystal kiss",1,69,69,"2022-06-01 19:05:10",作品,7036874472198589
1437190273,7036874422820548,🇯🇵KAILA.tadhana🇵🇭,1692840,7036874422820548,🇯🇵KAILA.tadhana🇵🇭,1692840,565,"钻石之吻Crystal kiss",1,69,69,"2022-06-01 18:53:27",作品,7036874472721342
1437187497,7036874422820548,🇯🇵KAILA.tadhana🇵🇭,1692840,7036874422820548,🇯🇵KAILA.tadhana🇵🇭,1692840,822,舞者Dancer,1,69,69,"2022-06-01 18:50:00",作品,7036874472727156
1437019674,7036874422820548,🇯🇵KAILA.tadhana🇵🇭,1692840,7036874422820548,🇯🇵KAILA.tadhana🇵🇭,1692840,12,玫瑰Rose,1,3,3,"2022-06-01 16:12:37",作品,7036874472727156
1437019545,7036874422820548,🇯🇵KAILA.tadhana🇵🇭,1692840,7036874422820548,🇯🇵KAILA.tadhana🇵🇭,1692840,12,玫瑰Rose,1,3,3,"2022-06-01 16:12:32",作品,7036874472727156
1437004955,7036874422820548,🇯🇵KAILA.tadhana🇵🇭,1692840,3638547697,🏁HofG🇸🇦coCaptJANE🏁,1740378,2047,"幸运金币Lucky Coin",3,15,9,"2022-06-01 16:00:53",KTV,1977044
1437000586,7036874422820548,🇯🇵KAILA.tadhana🇵🇭,1692840,8162774331312268,🐳👌𝐌𝐒.𝐋𝐈𝐋𝐘✌🐚,2039893,2047,"幸运金币Lucky Coin",3,15,9,"2022-06-01 15:57:09",KTV,1977044
1436889885,7036874422820548,🇯🇵KAILA.tadhana🇵🇭,1692840,2251799816886476,✰ᵇʳᵃⁿᵈᵒⁿ✰🆃🅰︎🅳🅷🅰︎🅽🅰︎,1692840,2012,"冰棒Ice Lolly",1,12,12,"2022-06-01 14:38:58",KTV,1014945
1436877728,7036874422820548,🇯🇵KAILA.tadhana🇵🇭,1692840,3659174702362117,🦋🇲​🇦​🇱​🇩​🇮​🇹​🇦​_28🦋,1692840,1468,"音乐盒Music box",1,18,18,"2022-06-01 14:30:59",KTV,1014945
1436871129,7036874422820548,🇯🇵KAILA.tadhana🇵🇭,1692840,2251799816886476,✰ᵇʳᵃⁿᵈᵒⁿ✰🆃🅰︎🅳🅷🅰︎🅽🅰︎,1692840,565,"钻石之吻Crystal kiss",1,69,69,"2022-06-01 14:27:10",KTV,1014945
1436862872,7036874422820548,🇯🇵KAILA.tadhana🇵🇭,1692840,11540474053000288,cess_TadhanaFaM,,2012,"冰棒Ice Lolly",1,12,12,"2022-06-01 14:22:43",KTV,1014945
1436856505,7036874422820548,🇯🇵KAILA.tadhana🇵🇭,1692840,12666373956679537,Aracely01_TadhanaFaM,1692840,2071,"小熊玩偶Bear Doll",1,6,6,"2022-06-01 14:18:30",KTV,1014945
1436856315,7036874422820548,🇯🇵KAILA.tadhana🇵🇭,1692840,12666373956679537,Aracely01_TadhanaFaM,1692840,2048,"幸运礼盒Lucky Box",2,20,6,"2022-06-01 14:18:22",KTV,1014945
1436844269,7036874422820548,🇯🇵KAILA.tadhana🇵🇭,1692840,11540474053000288,cess_TadhanaFaM,,2071,"小熊玩偶Bear Doll",1,6,6,"2022-06-01 14:10:50",KTV,1014945
1436834678,7036874422820548,🇯🇵KAILA.tadhana🇵🇭,1692840,0,,,64,弹幕(VIP),1,3,3,"2022-06-01 14:04:51",KTV,1014945
1436830445,7036874422820548,🇯🇵KAILA.tadhana🇵🇭,1692840,11540474053000288,cess_TadhanaFaM,,2048,"幸运礼盒Lucky Box",5,50,15,"2022-06-01 14:02:18",KTV,1014945
1436825237,7036874422820548,🇯🇵KAILA.tadhana🇵🇭,1692840,10133099166197834,🐻CAPT💞_💞dHadHa🐻,1692840,2048,"幸运礼盒Lucky Box",3,30,9,"2022-06-01 13:59:13",KTV,1014945
1436819568,7036874422820548,🇯🇵KAILA.tadhana🇵🇭,1692840,11540474053000288,cess_TadhanaFaM,,2049,"招财猫Beckoning Cat",1,50,15,"2022-06-01 13:55:29",KTV,1014945
1436813420,7036874422820548,🇯🇵KAILA.tadhana🇵🇭,1692840,10133099163263629,🐻JHANE🌈🌻TADHANA,1692840,1527,鱼Fish,1,9,9,"2022-06-01 13:51:27",KTV,1014945
1436813184,7036874422820548,🇯🇵KAILA.tadhana🇵🇭,1692840,10133099163263629,🐻JHANE🌈🌻TADHANA,1692840,2048,"幸运礼盒Lucky Box",2,20,6,"2022-06-01 13:51:20",KTV,1014945
1436807250,7036874422820548,🇯🇵KAILA.tadhana🇵🇭,1692840,12666373956679537,Aracely01_TadhanaFaM,1692840,1468,"音乐盒Music box",1,18,18,"2022-06-01 13:47:21",KTV,1014945
1436804706,7036874422820548,🇯🇵KAILA.tadhana🇵🇭,1692840,12666373956679537,Aracely01_TadhanaFaM,1692840,2047,"幸运金币Lucky Coin",1,5,3,"2022-06-01 13:45:40",KTV,1014945
1436804566,7036874422820548,🇯🇵KAILA.tadhana🇵🇭,1692840,12666373956679537,Aracely01_TadhanaFaM,1692840,2048,"幸运礼盒Lucky Box",3,30,9,"2022-06-01 13:45:35",KTV,1014945
1436791288,7036874422820548,🇯🇵KAILA.tadhana🇵🇭,1692840,11540474053000288,cess_TadhanaFaM,,2047,"幸运金币Lucky Coin",8,40,24,"2022-06-01 13:37:17",KTV,1014945
1436784899,7036874422820548,🇯🇵KAILA.tadhana🇵🇭,1692840,12103424005652943,"Miss,IMPAKTITA",1795606,97,花环Wreath,1,99,99,"2022-06-01 13:32:27",KTV,1014945
1436780376,7036874422820548,🇯🇵KAILA.tadhana🇵🇭,1692840,10133099163263629,🐻JHANE🌈🌻TADHANA,1692840,2047,"幸运金币Lucky Coin",2,10,6,"2022-06-01 13:28:59",KTV,1014945
1436780269,7036874422820548,🇯🇵KAILA.tadhana🇵🇭,1692840,10133099163263629,🐻JHANE🌈🌻TADHANA,1692840,2047,"幸运金币Lucky Coin",3,15,9,"2022-06-01 13:28:54",KTV,1014945
1436778596,7036874422820548,🇯🇵KAILA.tadhana🇵🇭,1692840,12666373956679537,Aracely01_TadhanaFaM,1692840,2047,"幸运金币Lucky Coin",4,20,12,"2022-06-01 13:27:41",KTV,1014945
1436778110,7036874422820548,🇯🇵KAILA.tadhana🇵🇭,1692840,0,,,64,弹幕(VIP),1,3,3,"2022-06-01 13:27:18",KTV,1014945
1436768601,7036874422820548,🇯🇵KAILA.tadhana🇵🇭,1692840,7881299353836466,ZenaidaGlorioso,838890,608,"芒果汁Mango Juice",1,3,3,"2022-06-01 13:21:14",KTV,1014945
1436768368,7036874422820548,🇯🇵KAILA.tadhana🇵🇭,1692840,7881299353836466,ZenaidaGlorioso,838890,2047,"幸运金币Lucky Coin",4,20,12,"2022-06-01 13:21:04",KTV,1014945
1436763983,7036874422820548,🇯🇵KAILA.tadhana🇵🇭,1692840,11540474053000288,cess_TadhanaFaM,,2047,"幸运金币Lucky Coin",6,30,18,"2022-06-01 13:18:07",KTV,1014945
1436762398,7036874422820548,🇯🇵KAILA.tadhana🇵🇭,1692840,11540474053000288,cess_TadhanaFaM,,565,"钻石之吻Crystal kiss",1,69,69,"2022-06-01 13:16:57",KTV,1014945
1436762212,7036874422820548,🇯🇵KAILA.tadhana🇵🇭,1692840,0,,,64,弹幕(VIP),1,3,3,"2022-06-01 13:16:50",KTV,1014945
1436759798,7036874422820548,🇯🇵KAILA.tadhana🇵🇭,1692840,0,,,64,弹幕(VIP),1,3,3,"2022-06-01 13:14:56",KTV,1014945
1436758272,7036874422820548,🇯🇵KAILA.tadhana🇵🇭,1692840,10133099163263629,🐻JHANE🌈🌻TADHANA,1692840,1527,鱼Fish,1,9,9,"2022-06-01 13:13:45",KTV,1014945
1436757712,7036874422820548,🇯🇵KAILA.tadhana🇵🇭,1692840,10133099163263629,🐻JHANE🌈🌻TADHANA,1692840,2047,"幸运金币Lucky Coin",7,35,21,"2022-06-01 13:13:19",KTV,1014945
1436752839,7036874422820548,🇯🇵KAILA.tadhana🇵🇭,1692840,2533274792652511,༺🦋⃟‌⃟Saͥnaͣyͫa༆💞💎SP💎,,1835,"爱心枪Heart Gun",1,30,30,"2022-06-01 13:09:31",KTV,1014945
1436752366,7036874422820548,🇯🇵KAILA.tadhana🇵🇭,1692840,2533274792652511,༺🦋⃟‌⃟Saͥnaͣyͫa༆💞💎SP💎,,2071,"小熊玩偶Bear Doll",1,6,6,"2022-06-01 13:09:08",KTV,1014945
1436752123,7036874422820548,🇯🇵KAILA.tadhana🇵🇭,1692840,2533274792652511,༺🦋⃟‌⃟Saͥnaͣyͫa༆💞💎SP💎,,2006,"鹿 Deer",1,6,6,"2022-06-01 13:08:59",KTV,1014945
1436744583,7036874422820548,🇯🇵KAILA.tadhana🇵🇭,1692840,10133099166197834,🐻CAPT💞_💞dHadHa🐻,1692840,879,直播couple,1,9,9,"2022-06-01 13:03:30",KTV,1014945
1436743314,7036874422820548,🇯🇵KAILA.tadhana🇵🇭,1692840,10133099166197834,🐻CAPT💞_💞dHadHa🐻,1692840,2079,旋转木马Merry-go-round,1,666,666,"2022-06-01 13:02:39",KTV,1014945
1436742961,7036874422820548,🇯🇵KAILA.tadhana🇵🇭,1692840,10133099166197834,🐻CAPT💞_💞dHadHa🐻,1692840,1835,"爱心枪Heart Gun",1,30,30,"2022-06-01 13:02:24",KTV,1014945
1436742813,7036874422820548,🇯🇵KAILA.tadhana🇵🇭,1692840,10133099166197834,🐻CAPT💞_💞dHadHa🐻,1692840,2071,"小熊玩偶Bear Doll",1,6,6,"2022-06-01 13:02:18",KTV,1014945
1436742547,7036874422820548,🇯🇵KAILA.tadhana🇵🇭,1692840,10133099166197834,🐻CAPT💞_💞dHadHa🐻,1692840,2048,"幸运礼盒Lucky Box",2,20,6,"2022-06-01 13:02:07",KTV,1014945
1436742377,7036874422820548,🇯🇵KAILA.tadhana🇵🇭,1692840,10133099166197834,🐻CAPT💞_💞dHadHa🐻,1692840,2047,"幸运金币Lucky Coin",3,15,9,"2022-06-01 13:02:01",KTV,1014945
1436739031,7036874422820548,🇯🇵KAILA.tadhana🇵🇭,1692840,10696049116973327,shwetarsharma,122021,565,"钻石之吻Crystal kiss",1,69,69,"2022-06-01 12:59:40",KTV,1014945
1436737455,7036874422820548,🇯🇵KAILA.tadhana🇵🇭,1692840,10696049116973327,shwetarsharma,122021,2012,"冰棒Ice Lolly",1,12,12,"2022-06-01 12:58:28",KTV,1014945
1436736795,7036874422820548,🇯🇵KAILA.tadhana🇵🇭,1692840,0,,,64,弹幕(VIP),1,3,3,"2022-06-01 12:57:59",KTV,1014945
1436735918,7036874422820548,🇯🇵KAILA.tadhana🇵🇭,1692840,3659174702362117,🦋🇲​🇦​🇱​🇩​🇮​🇹​🇦​_28🦋,1692840,556,"热气球Hot Air Balloon",1,300,300,"2022-06-01 12:57:21",KTV,1014945
1436735023,7036874422820548,🇯🇵KAILA.tadhana🇵🇭,1692840,3659174702362117,🦋🇲​🇦​🇱​🇩​🇮​🇹​🇦​_28🦋,1692840,1945,"Magic hat魔术帽",13,39,39,"2022-06-01 12:56:40",KTV,1014945
1436734886,7036874422820548,🇯🇵KAILA.tadhana🇵🇭,1692840,3659174702362117,🦋🇲​🇦​🇱​🇩​🇮​🇹​🇦​_28🦋,1692840,1945,"Magic hat魔术帽",25,75,75,"2022-06-01 12:56:33",KTV,1014945
1436734679,7036874422820548,🇯🇵KAILA.tadhana🇵🇭,1692840,3659174702362117,🦋🇲​🇦​🇱​🇩​🇮​🇹​🇦​_28🦋,1692840,1945,"Magic hat魔术帽",27,81,81,"2022-06-01 12:56:25",KTV,1014945
1436734453,7036874422820548,🇯🇵KAILA.tadhana🇵🇭,1692840,3659174702362117,🦋🇲​🇦​🇱​🇩​🇮​🇹​🇦​_28🦋,1692840,1945,"Magic hat魔术帽",45,135,135,"2022-06-01 12:56:15",KTV,1014945
1436733254,7036874422820548,🇯🇵KAILA.tadhana🇵🇭,1692840,3659174702362117,🦋🇲​🇦​🇱​🇩​🇮​🇹​🇦​_28🦋,1692840,1945,"Magic hat魔术帽",37,111,111,"2022-06-01 12:55:26",KTV,1014945
1436732531,7036874422820548,🇯🇵KAILA.tadhana🇵🇭,1692840,3659174702362117,🦋🇲​🇦​🇱​🇩​🇮​🇹​🇦​_28🦋,1692840,1945,"Magic hat魔术帽",25,75,75,"2022-06-01 12:55:00",KTV,1014945
1436732303,7036874422820548,🇯🇵KAILA.tadhana🇵🇭,1692840,3659174702362117,🦋🇲​🇦​🇱​🇩​🇮​🇹​🇦​_28🦋,1692840,1945,"Magic hat魔术帽",27,81,81,"2022-06-01 12:54:51",KTV,1014945
1436732051,7036874422820548,🇯🇵KAILA.tadhana🇵🇭,1692840,3659174702362117,🦋🇲​🇦​🇱​🇩​🇮​🇹​🇦​_28🦋,1692840,1945,"Magic hat魔术帽",49,147,147,"2022-06-01 12:54:40",KTV,1014945
1436730381,7036874422820548,🇯🇵KAILA.tadhana🇵🇭,1692840,0,,,64,弹幕(VIP),1,3,3,"2022-06-01 12:53:28",KTV,1014945
1436729811,7036874422820548,🇯🇵KAILA.tadhana🇵🇭,1692840,10133099163263629,🐻JHANE🌈🌻TADHANA,1692840,1945,"Magic hat魔术帽",25,75,75,"2022-06-01 12:53:07",KTV,1014945
1436729315,7036874422820548,🇯🇵KAILA.tadhana🇵🇭,1692840,10133099163263629,🐻JHANE🌈🌻TADHANA,1692840,1945,"Magic hat魔术帽",34,102,102,"2022-06-01 12:52:49",KTV,1014945
1436728890,7036874422820548,🇯🇵KAILA.tadhana🇵🇭,1692840,10133099163263629,🐻JHANE🌈🌻TADHANA,1692840,1945,"Magic hat魔术帽",27,81,81,"2022-06-01 12:52:33",KTV,1014945
1436728546,7036874422820548,🇯🇵KAILA.tadhana🇵🇭,1692840,10133099163263629,🐻JHANE🌈🌻TADHANA,1692840,1945,"Magic hat魔术帽",42,126,126,"2022-06-01 12:52:19",KTV,1014945
1436728175,7036874422820548,🇯🇵KAILA.tadhana🇵🇭,1692840,10133099163263629,🐻JHANE🌈🌻TADHANA,1692840,1945,"Magic hat魔术帽",36,108,108,"2022-06-01 12:52:04",KTV,1014945
1436727437,7036874422820548,🇯🇵KAILA.tadhana🇵🇭,1692840,10133099163263629,🐻JHANE🌈🌻TADHANA,1692840,1949,Clown小丑,9,162,162,"2022-06-01 12:51:38",KTV,1014945
1436727151,7036874422820548,🇯🇵KAILA.tadhana🇵🇭,1692840,10133099163263629,🐻JHANE🌈🌻TADHANA,1692840,1949,Clown小丑,7,126,126,"2022-06-01 12:51:26",KTV,1014945
1436725828,7036874422820548,🇯🇵KAILA.tadhana🇵🇭,1692840,10133099163263629,🐻JHANE🌈🌻TADHANA,1692840,1949,Clown小丑,11,198,198,"2022-06-01 12:50:29",KTV,1014945
1436725627,7036874422820548,🇯🇵KAILA.tadhana🇵🇭,1692840,10133099163263629,🐻JHANE🌈🌻TADHANA,1692840,1949,Clown小丑,21,378,378,"2022-06-01 12:50:20",KTV,1014945
1436725280,7036874422820548,🇯🇵KAILA.tadhana🇵🇭,1692840,10133099163263629,🐻JHANE🌈🌻TADHANA,1692840,1949,Clown小丑,24,432,432,"2022-06-01 12:50:05",KTV,1014945
1436722993,7036874422820548,🇯🇵KAILA.tadhana🇵🇭,1692840,10133099166197834,🐻CAPT💞_💞dHadHa🐻,1692840,1949,Clown小丑,50,900,900,"2022-06-01 12:48:35",KTV,1014945
1436722033,7036874422820548,🇯🇵KAILA.tadhana🇵🇭,1692840,10133099166197834,🐻CAPT💞_💞dHadHa🐻,1692840,1949,Clown小丑,22,396,396,"2022-06-01 12:48:01",KTV,1014945
